-- MySQL dump 10.13  Distrib 5.5.57, for Linux (x86_64)
--
-- Host: localhost    Database: kpa_test
-- ------------------------------------------------------
-- Server version	5.5.57

/*!40101 SET @OLD_CHARACTER_SET_CLIENT=@@CHARACTER_SET_CLIENT */;
/*!40101 SET @OLD_CHARACTER_SET_RESULTS=@@CHARACTER_SET_RESULTS */;
/*!40101 SET @OLD_COLLATION_CONNECTION=@@COLLATION_CONNECTION */;
/*!40101 SET NAMES utf8 */;
/*!40103 SET @OLD_TIME_ZONE=@@TIME_ZONE */;
/*!40103 SET TIME_ZONE='+00:00' */;
/*!40014 SET @OLD_UNIQUE_CHECKS=@@UNIQUE_CHECKS, UNIQUE_CHECKS=0 */;
/*!40014 SET @OLD_FOREIGN_KEY_CHECKS=@@FOREIGN_KEY_CHECKS, FOREIGN_KEY_CHECKS=0 */;
/*!40101 SET @OLD_SQL_MODE=@@SQL_MODE, SQL_MODE='NO_AUTO_VALUE_ON_ZERO' */;
/*!40111 SET @OLD_SQL_NOTES=@@SQL_NOTES, SQL_NOTES=0 */;

--
-- Table structure for table `auth`
--

DROP TABLE IF EXISTS `auth`;
/*!40101 SET @saved_cs_client     = @@character_set_client */;
/*!40101 SET character_set_client = utf8 */;
CREATE TABLE `auth` (
  `id` int(11) NOT NULL AUTO_INCREMENT,
  `login` varchar(255) DEFAULT NULL,
  `password` varchar(255) DEFAULT NULL,
  `last_auth` int(11) DEFAULT NULL,
  `is_admin` tinyint(4) DEFAULT '0',
  `is_user` tinyint(4) DEFAULT '1',
  `user_id` int(11) DEFAULT NULL,
  `recovery_token` varchar(50) DEFAULT NULL,
  `customer_id` int(11) DEFAULT NULL,
  PRIMARY KEY (`id`),
  KEY `idx-auth-id` (`customer_id`)
) ENGINE=InnoDB AUTO_INCREMENT=47 DEFAULT CHARSET=utf8;
/*!40101 SET character_set_client = @saved_cs_client */;

--
-- Dumping data for table `auth`
--

LOCK TABLES `auth` WRITE;
/*!40000 ALTER TABLE `auth` DISABLE KEYS */;
INSERT INTO `auth` VALUES (1,'admin','$2y$13$bBn5XTD0eV0SbrQrNLMDLODtFGbSd8X23korpfQuVvw.cqbDE4Df.',NULL,1,0,NULL,NULL,NULL),(2,'zak1@mail.ru','$2y$13$Z77Rwrmf5BirqbHMBT3B0.A.wg27RQ2.Revv8HVFXP3P9davt2tBe',1562828789,0,1,NULL,NULL,1),(3,'zak2@mail.ru','$2y$13$5G0DzF7mPjPDfTuY.QGsNu0qRFO0PPzMVIhacnt4HNSO9KJ2FuNxG',NULL,0,1,NULL,'_1Qrpm-KueC58VZ_LjBEuSOvW8k-dP9dGG3bh_nKSE9ZsEvU96',2),(4,'zak3@mail.ru','$2y$13$X5ycghI.pi2zx6/zOmJVWeIDrAS9or9vky3kPthGMQ/Q2i.f8Dxw6',NULL,0,1,NULL,'fPaaEUObZZSgGUDYY5ul_lOE7M2ZRcPLAepLbvh3FUS5qpTf-V',3),(5,'zak4@mail.ru','$2y$13$N2aBGjyYx57kbgW7ox51WuFVgQJ0d1b4iugnd8ey9yf6dk8hRkRMO',NULL,0,1,NULL,NULL,4),(6,'zak5@mail.ru','$2y$13$4Z9FvRo8Z8wS/D7UB6W1O.AYfKqrVo.6D.e41iBg/Ms4UjMAqpzh6',NULL,0,1,NULL,NULL,5),(7,'smet1@mail.ru','$2y$13$am.d1lxi0rvUGk27p4Lhpe9aG0To9rxHdReyIk0IuDkqjMqH2wFvi',NULL,0,1,1,'Ao1dOISdSjZ4Ta6dxw9CCin5g3lhxz_bC06ntC1qDX-Ju3bYnM',NULL),(8,'smet2@mail.ru','$2y$13$xQa7pvmccN7J8s.VQbMfLemAkhoBat298.w5cRdbM2rddyhjyhcr6',NULL,0,1,2,NULL,NULL),(9,'smet3@mail.ru','$2y$13$0dNjz4QiQ2ocijfYznMp8e82GYQC28gvgOy7zsE.SAHmmsnRI542q',NULL,0,1,3,NULL,NULL),(10,'smet4@mail.ru','$2y$13$xvg4z25Um5Rkn0RDY45htOrNZcAWUa8ZDLcskKBoFLlriSIeYbcCq',NULL,0,1,4,NULL,NULL),(11,'smet5@mail.ru','$2y$13$XVyrReFrSxgEY44FGu2kW.kj0DnO4VlLRT/JhVLvUlDHtojdL4S.y',NULL,0,1,5,NULL,NULL),(12,'smet6@mail.ru','$2y$13$YmUaAQG0Vmqp34OYzFcfNezpAiS5fP9OTHAAUKhbSoKDhNsXMKdsq',NULL,0,1,6,NULL,NULL),(13,'smet7@mail.ru','$2y$13$yjjEVoW5fqimdp6gWRsK6.IzyYxPK6v0DLOLmxdZJflrbfA2xP3BO',NULL,0,1,7,NULL,NULL),(14,'smet8@mail.ru','$2y$13$PxuGRmarX/KXxF0wD/p60ufG.xvLlC7hv/drQnPabYBFQnAQOvNAe',NULL,0,1,8,NULL,NULL),(15,'smet9@mail.ru','$2y$13$jsqMBSjPUDUIuqNShRrbZO0nDNd/GbErmsv0LTQszp3Nk26ReRYW2',NULL,0,1,9,NULL,NULL),(16,'via@ipap.ru','$2y$13$4d/5VPDnVBg3i8IxFMyGkubN5g/uV0ryEGDN4YwhzLETG9iyes1BK',NULL,0,1,10,'gNATLgdXP6bRIwyaGvDHVHBW07be55r6TL805EJNAMa120hoVb',NULL),(17,'smet10@mail.ru','$2y$13$e9RMuVcurDvWQyFtvfn6iuvoIADXyPU6oRZMqVLWwZBB8X4wWJEzm',NULL,0,1,11,NULL,NULL),(18,'smet11@mail.ru','$2y$13$0vMdxLWH6jxZNwPvHY2Ao.CbxvBBqDyeI3p3fWBvMKBwop3MNI4R.',NULL,0,1,12,NULL,NULL),(19,'zak7@mail.ru','$2y$13$hLgEhP2./YX8egHlcb/FP.mlf676eZAUEQ0rrdtZ5IEP83TdcIqlW',NULL,0,1,NULL,'lyyIbCmrdwNBX6ZO70WfLicEP02gbCOedvCbLP_n70qbFDWaGQ',6),(20,'zak8@mail.ru','$2y$13$10.WBIqnc6WFbH86/d/c5uoIHWGL8yn9Nv241IV1o7iEwFi80hM62',NULL,0,1,NULL,NULL,7),(21,'2dqd@ads.ru','$2y$13$1NhG.BTJAnHAYc3Ey2bwPeRuLpDzNiRQqqNTsSIcMlwdWe8kZfhT.',NULL,0,1,NULL,NULL,8),(22,'isv@yandex.ru','$2y$13$M2Ov.xu3vjmM/vkuB3b3k.oBly.i.uVOFogvv8gpxL6Z5T7NROuYO',NULL,0,1,NULL,NULL,9),(23,'321@d.s','$2y$13$0dyBGE9fN/w/p4tTEJZfIOf73lqR40FWznmx5tpQlDU.GoEif2U.i',NULL,0,1,NULL,NULL,10),(24,'smet12@mail.ru','$2y$13$gE4nIIEEFAMN8Nu2dkBkfOI4Ir1MEelpXQBZMhNjjQoJzhw5b4BWm',NULL,0,1,13,NULL,NULL),(25,'smet13@mail.ru','$2y$13$baoqe/oOI8xJs1emI6rwDuQZbmaesmge1c2q6JDOYX5izCBI3zMKu',NULL,0,1,14,NULL,NULL),(26,'zak9@mail.ru','$2y$13$TAE2f9P2v7miLW2PsXtRVuaZwNf7s.liZDL95FoEDSJ6Ez.yJ9FaK',NULL,0,1,NULL,NULL,11),(27,'zak10@mail.ru','$2y$13$HHtzsKYoM0AZds3POyvrdeX6bJUVYRoCp0.TC2z9t3i7eSVt4XqUu',1562581140,0,1,NULL,'F3v2juLvp-LaonuYFNZLut9pj_inJSsZL7tU1zH-bdI5_YMXWf',12),(28,'s1s2@r.ru','$2y$13$JWxc2NVJyXoOF7Eckd8nWOhAv5Di608N9jw285HH1GH8/i9NDuV46',NULL,0,1,NULL,NULL,13),(29,'2d1d@rqw.ru','$2y$13$YQFi1fmeVk5pvqqLnUDXXePK.xY3coCRd7Fn5teLJXxlbBtXcbQve',NULL,0,1,NULL,NULL,14),(30,'sf2@fs.rs','$2y$13$NgiOJOatPaFRtc0Z9rq3H.7yvPngxJxsxKM4j0Q5ih/YE5LZyqfcu',NULL,0,1,NULL,NULL,15),(31,'fsfdfw@dsa.rs','$2y$13$iG603PuqkrNpRpG8jnz0l.o6lF/9xO.T4gz0LY0cpOHL9yy1ynhlS',NULL,0,1,NULL,NULL,16),(32,'zak11@mail.ru','$2y$13$ET9wO.ESCnpNMhptHxiXvuhbmLG4pzptVs4bHK6OvScTd8odMDMWq',NULL,0,1,NULL,NULL,17),(33,'sd@1.1','$2y$13$lDygz9jkVEmOmB4T/aUR4OYtLl2tzFKKQHxlLQ7BjGt3BeS5fwcwO',NULL,0,1,NULL,NULL,18),(34,'dsd2@dw.sw','$2y$13$yeUdZSv5HdAOZmrmAz0i/uX0cgebBDpHE/rtBqFVY.TypVK20Sdwq',NULL,0,1,NULL,NULL,19),(35,'3dfsa@sd.sd','$2y$13$RQbxBNoJisvgykjHwAssQ.7qKf86ABpNORs2enFDfuJlK8BVTcqS6',NULL,0,1,15,NULL,NULL),(36,'edf@mail.ru','$2y$13$sqlLPieKjpK44AY8Lgfmsegmdd53dXg5mywqrq8d6wyOMjRi7hHPS',NULL,0,1,NULL,NULL,20),(37,'edf1@mail.ru','$2y$13$Te2vomMsexu.N99BdML7/OfjtAOIQ5bb.SVFc/PyisaL0WFLqZrwC',NULL,0,1,NULL,NULL,21),(38,'sdf@mail.ru','$2y$13$YnoWDu7veJi/X2MBODsjL.0Ho0sHIW5tiR2ymr7rXX8A7L.k8.xQS',1562236909,0,1,NULL,NULL,22),(39,'find@mail.ru','$2y$13$MZPr5x3iNTkuYyGOwzWnOuKyJlw6ix1kB.RhTer.qgghyWLA/imR6',NULL,0,1,NULL,NULL,23),(40,'32543643@gh.ry','$2y$13$T4EujSX/WbIJ/UodGddtQ.3WW6.jEaS8ot4NrP.EQzcl9LzQduDfS',NULL,0,1,16,NULL,NULL),(41,'34534@gh.ty','$2y$13$KSemX0eQ1.fZmu2mrMoUnO8f0zA9n1aPZU7raunYCBaovm4ERGev6',NULL,0,1,NULL,NULL,24),(42,'zakman1@mail.ru','$2y$13$7CYgLoLt9KAz2nijVGe42uUVjanxdKi/Qs9YUj3f6QTO1ALdsWiAy',NULL,0,1,NULL,NULL,25),(43,'zak12@mail.ru','$2y$13$eictOVJbFiwt2YUhILqoUOsRq6yD6khCt6vU3kn0rOxqDsMvlbZ8.',NULL,0,1,NULL,NULL,26),(44,'1@s.s','$2y$13$hC2NeyzbV9.mRJPpMHSKBeeZNxrAL5uV1yqrQpd.IPKuU1JBJuVCO',NULL,0,1,NULL,NULL,27),(45,'smet14@mail.ru','$2y$13$vPlNUGBe3jsTFD00PIrz8OoN05QapgtVGUS7iPE8GnZQEZMAamJ3e',NULL,0,1,17,NULL,NULL),(46,'smet15@mail.ru','$2y$13$pQH2gpAwX0jfVCh3C4An.O34rJ4aSPW6eMRDmt0.cE7InzgfPQL2e',NULL,0,1,18,NULL,NULL);
/*!40000 ALTER TABLE `auth` ENABLE KEYS */;
UNLOCK TABLES;

--
-- Table structure for table `cities`
--

DROP TABLE IF EXISTS `cities`;
/*!40101 SET @saved_cs_client     = @@character_set_client */;
/*!40101 SET character_set_client = utf8 */;
CREATE TABLE `cities` (
  `id` int(11) NOT NULL AUTO_INCREMENT,
  `name` varchar(255) NOT NULL,
  PRIMARY KEY (`id`)
) ENGINE=MyISAM AUTO_INCREMENT=2375 DEFAULT CHARSET=utf8;
/*!40101 SET character_set_client = @saved_cs_client */;

--
-- Dumping data for table `cities`
--

LOCK TABLES `cities` WRITE;
/*!40000 ALTER TABLE `cities` DISABLE KEYS */;
INSERT INTO `cities` VALUES (1,'Абаза (Хакасия)'),(2,'Абакан (Хакасия)'),(3,'Абан (Красноярский край)'),(4,'Абатский (Тюменская область)'),(5,'Абдулино (Оренбургская область)'),(6,'Абинск (Краснодарский край)'),(7,'Авдеево (Карелия)'),(8,'Авнепорог (Карелия)'),(9,'Агаповка (Челябинская область)'),(10,'Агвали (Республика Дагестан)'),(11,'Агидель (Республика Башкортостан)'),(12,'Агинское (Забайкальский край)'),(13,'Агинское (Красноярский край)'),(14,'Агрыз (Татарстан)'),(15,'Агул (Республика Дагестан)'),(16,'Адамовка (Оренбургская область)'),(17,'Адлер (Краснодарский край)'),(18,'Адыге-Хабль (Республика Карачаево-Черкесия)'),(19,'Адыгейск (Республика Адыгея)'),(20,'Азнакаево (Татарстан)'),(21,'Азов (Ростовская область)'),(22,'Азово (Омская область)'),(23,'Айкино (Республика Коми)'),(24,'Ак-Довурак (Республика Тыва)'),(25,'Акбулак (Оренбургская область)'),(26,'Аксай (Ростовская область)'),(27,'Аксарка (Ямало-Ненецкий автономный округ)'),(28,'Аксубаево (Татарстан)'),(29,'Актаныш (Татарстан)'),(30,'Акташ (Республика Алтай)'),(31,'Акуша (Республика Дагестан)'),(32,'Акша (Забайкальский край)'),(33,'Акъяр (Республика Башкортостан)'),(34,'Алагир (Северная Осетия)'),(35,'Алапаевск (Свердловская область)'),(36,'Алатырь (Чувашия)'),(37,'Алдан (Якутия)'),(38,'Алейск (Алтайский край)'),(39,'Алексала (Карелия)'),(40,'Александро-Невский (Рязанская область)'),(41,'Александров (Владимирская область)'),(42,'Александров Гай (Саратовская область)'),(43,'Александровка (Оренбургская область)'),(44,'Александровск (Пермский край)'),(45,'Александровск-Сахалинский (Сахалинская область)'),(46,'Александровский Завод (Забайкальский край)'),(47,'Александровское (Ставропольский край)'),(48,'Александровское (Томская область)'),(49,'Алексеевка (Белгородская область)'),(50,'Алексеевка (Самарская область)'),(51,'Алексеевская (Волгоградская область)'),(52,'Алексеевское (Татарстан)'),(53,'Алексин (Тульская область)'),(54,'Аликово (Чувашия)'),(55,'Алнаши (Удмуртская Республика)'),(56,'Алтайское (Алтайский край)'),(57,'Алушта (Республика Крым)'),(58,'Альменево (Курганская область)'),(59,'Альметьевск (Татарстан)'),(60,'Амбарный (Карелия)'),(61,'Амга (Якутия)'),(62,'Амурзет (Еврейская автономная область)'),(63,'Амурск (Хабаровский край)'),(64,'Анадырь (Чукотский автономный округ)'),(65,'Анапа (Краснодарский край)'),(66,'Ангарск (Иркутская область)'),(67,'Андреаполь (Тверская область)'),(68,'Анжеро-Судженск (Кемеровская область)'),(69,'Анива (Сахалинская область)'),(70,'Анна (Воронежская область)'),(71,'Антропово (Костромская область)'),(72,'Анучино (Приморский край)'),(73,'Апастово (Татарстан)'),(74,'Апатиты (Мурманская область)'),(75,'Апшеронск (Краснодарский край)'),(76,'Арбаж (Кировская область)'),(77,'Аргаяш (Челябинская область)'),(78,'Аргун (Чеченская Республика)'),(79,'Ардатов (Мордовия)'),(80,'Ардатов (Нижегородская область)'),(81,'Ардон (Северная Осетия)'),(82,'Арзамас (Нижегородская область)'),(83,'Арзгир (Ставропольский край)'),(84,'Аркадак (Саратовская область)'),(85,'Армавир (Краснодарский край)'),(86,'Армизонское (Тюменская область)'),(87,'Армянск (Республика Крым)'),(88,'Аромашево (Тюменская область)'),(89,'Арсеньев (Приморский край)'),(90,'Арсеньево (Тульская область)'),(91,'Арск (Татарстан)'),(92,'Артем (Приморский край)'),(93,'Артемовский (Свердловская область)'),(94,'Арти (Свердловская область)'),(95,'Архангельск (Архангельская область,Ненецкий автономный округ)'),(96,'Архангельское (Республика Башкортостан)'),(97,'Архангельское (Тульская область)'),(98,'Архаринский район (Амурская область)'),(99,'Архонская (Северная Осетия)'),(100,'Асбест (Свердловская область)'),(101,'Асекеево (Оренбургская область)'),(102,'Асино (Томская область)'),(103,'Аскарово (Республика Башкортостан)'),(104,'Аскиз (Хакасия)'),(105,'Аскино (Республика Башкортостан)'),(106,'Астрахань (Астраханская область)'),(107,'Аткарск (Саратовская область)'),(108,'Атюрьево (Мордовия)'),(109,'Атяшево (Мордовия)'),(110,'Афанасьево (Кировская область)'),(111,'Ахтубинск (Астраханская область)'),(112,'Ахты (Республика Дагестан)'),(113,'Ачинск (Красноярский край)'),(114,'Ачит (Свердловская область)'),(115,'Ачхой-Мартан (Чеченская Республика)'),(116,'Аша (Челябинская область)'),(117,'Аше (Краснодарский край)'),(118,'Аэропорт Домодедово (Москва и ближнее Подмосковье)'),(119,'Аян (Хабаровский край)'),(120,'Баб-Губа (Карелия)'),(121,'Бабаево (Вологодская область)'),(122,'Бабаюрт (Республика Дагестан)'),(123,'Бабынино (Калужская область)'),(124,'Бавлы (Татарстан)'),(125,'Багаевская (Ростовская область)'),(126,'Баган (Новосибирская область)'),(127,'Багдарин (Бурятия)'),(128,'Багратионовск (Калининградская область)'),(129,'Баево (Алтайский край)'),(130,'Базарные Матаки (Татарстан)'),(131,'Базарный Карабулак (Саратовская область)'),(132,'Базарный Сызган (Ульяновская область)'),(133,'Бай-Хаак (Республика Тыва)'),(134,'Байкалово (Свердловская область)'),(135,'Байкальск (Иркутская область)'),(136,'Байкит (Красноярский край)'),(137,'Баймак (Республика Башкортостан)'),(138,'Бакалы (Республика Башкортостан)'),(139,'Баксан (Кабардино-Балкария)'),(140,'Бакчар (Томская область)'),(141,'Балабаново (Калужская область)'),(142,'Балаганск (Иркутская область)'),(143,'Балаково (Саратовская область)'),(144,'Балахна (Нижегородская область)'),(145,'Балахта (Красноярский край)'),(146,'Балашиха (Москва и ближнее Подмосковье)'),(147,'Балашов (Саратовская область)'),(148,'Балезино (Удмуртская Республика)'),(149,'Балей (Забайкальский край)'),(150,'Балтай (Саратовская область)'),(151,'Балтаси (Татарстан)'),(152,'Балтийск (Калининградская область)'),(153,'Барабинск (Новосибирская область)'),(154,'Баргузин (Бурятия)'),(155,'Барда (Пермский край)'),(156,'Барнаул (Алтайский край)'),(157,'Барыш (Ульяновская область)'),(158,'Барятино (Калужская область)'),(159,'Батагай (Якутия)'),(160,'Батагай-Алыта (Якутия)'),(161,'Батайск (Ростовская область)'),(162,'Батецкий (Новгородская область)'),(163,'Батырево (Чувашия)'),(164,'Бахчисарай (Республика Крым)'),(165,'Башмаково (Пензенская область)'),(166,'Баяндай (Иркутская область)'),(167,'Бежаницы (Псковская область)'),(168,'Бежецк (Тверская область)'),(169,'Бежта (Республика Дагестан)'),(170,'Безенчук (Самарская область)'),(171,'Беково (Пензенская область)'),(172,'Белая (Курская область)'),(173,'Белая Глина (Краснодарский край)'),(174,'Белая Гора (Якутия)'),(175,'Белая Калитва (Ростовская область)'),(176,'Белая Холуница (Кировская область)'),(177,'Белгород (Белгородская область)'),(178,'Белебей (Республика Башкортостан)'),(179,'Белев (Тульская область)'),(180,'Белинский (Пензенская область)'),(181,'Белово (Кемеровская область)'),(182,'Белогорский район (Амурская область)'),(183,'Белозерск (Вологодская область)'),(184,'Белозерское (Курганская область)'),(185,'Белокуриха (Алтайский край)'),(186,'Беломорск (Карелия)'),(187,'Белорецк (Республика Башкортостан)'),(188,'Белореченск (Краснодарский край)'),(189,'Белоярский (Свердловская область)'),(190,'Белоярский (Ханты-Мансийский автономный округ)'),(191,'Белые Берега (Брянская область)'),(192,'Белый (Тверская область)'),(193,'Белый Яр (Томская область)'),(194,'Белый Яр (Хакасия)'),(195,'Беляевка (Оренбургская область)'),(196,'Бердигестях (Якутия)'),(197,'Бердск (Новосибирская область)'),(198,'Бердюжье (Тюменская область)'),(199,'Березник (Архангельская область,Ненецкий автономный округ)'),(200,'Березники (Пермский край)'),(201,'Березовка (Пермский край)'),(202,'Беринговский (Чукотский автономный округ)'),(203,'Берёзовка (Карелия)'),(204,'Берёзовка (Красноярский край)'),(205,'Берёзово (Ханты-Мансийский автономный округ)'),(206,'Берёзовский (Кемеровская область)'),(207,'Берёзовский (Свердловская область)'),(208,'Беслан (Северная Осетия)'),(209,'Бессоновка (Пензенская область)'),(210,'Бетлица (Калужская область)'),(211,'Бея (Хакасия)'),(212,'Бижбуляк (Республика Башкортостан)'),(213,'Бийск (Алтайский край)'),(214,'Бикин (Хабаровский край)'),(215,'Билибино (Чукотский автономный округ)'),(216,'Биробиджан (Еврейская автономная область)'),(217,'Бирск (Республика Башкортостан)'),(218,'Бичура (Бурятия)'),(219,'Благовещенка (Алтайский край)'),(220,'Благовещенск (Амурская область)'),(221,'Благовещенск (Республика Башкортостан)'),(222,'Благовещенский район (Амурская область)'),(223,'Благодарный (Ставропольский край)'),(224,'Бобров (Воронежская область)'),(225,'Богатое (Самарская область)'),(226,'Богатые Сабы (Татарстан)'),(227,'Богданович (Свердловская область)'),(228,'Боговарово (Костромская область)'),(229,'Богородицк (Тульская область)'),(230,'Богородск (Нижегородская область)'),(231,'Богородское (Кировская область)'),(232,'Богородское (Хабаровский край)'),(233,'Боготол (Красноярский край)'),(234,'Боград (Хакасия)'),(235,'Богучаны (Красноярский край)'),(236,'Богучар (Воронежская область)'),(237,'Бодайбо (Иркутская область)'),(238,'Боковская (Ростовская область)'),(239,'Бокситогорск (Ленинградская область)'),(240,'Болгар (Татарстан)'),(241,'Бологое (Тверская область)'),(242,'Болотное (Новосибирская область)'),(243,'Болхов (Орловская область)'),(244,'Большая Атня (Татарстан)'),(245,'Большая Глушица (Самарская область)'),(246,'Большая Мартыновка (Ростовская область)'),(247,'Большая Мурта (Красноярский край)'),(248,'Большая Соснова (Пермский край)'),(249,'Большая Черниговка (Самарская область)'),(250,'Большеречье (Омская область)'),(251,'Большеустьикинское (Республика Башкортостан)'),(252,'Большие Березники (Мордовия)'),(253,'Большие Кайбицы (Татарстан)'),(254,'Большие Уки (Омская область)'),(255,'Большое Болдино (Нижегородская область)'),(256,'Большое Игнатово (Мордовия)'),(257,'Большое Мурашкино (Нижегородская область)'),(258,'Большое Нагаткино (Ульяновская область)'),(259,'Большое Село (Ярославская область)'),(260,'Большое Солдатское (Курская область)'),(261,'Большое Сорокино (Тюменская область)'),(262,'Большой Камень (Приморский край)'),(263,'Большой Улуй (Красноярский край)'),(264,'Большой Царын (Калмыкия)'),(265,'Бондари (Тамбовская область)'),(266,'Бор (Нижегородская область)'),(267,'Борзя (Забайкальский край)'),(268,'Борисовка (Белгородская область)'),(269,'Борисоглебск (Воронежская область)'),(270,'Борисоглебский (Ярославская область)'),(271,'Боровичи (Новгородская область)'),(272,'Боровск (Калужская область)'),(273,'Борогонцы (Якутия)'),(274,'Бородино (Красноярский край)'),(275,'Борское (Самарская область)'),(276,'Ботлих (Республика Дагестан)'),(277,'Бохан (Иркутская область)'),(278,'Бочилово (Карелия)'),(279,'Братск (Иркутская область)'),(280,'Бреды (Челябинская область)'),(281,'Брейтово (Ярославская область)'),(282,'Брюховецкая (Краснодарский край)'),(283,'Брянск (Брянская область)'),(284,'Бугульма (Татарстан)'),(285,'Бугуруслан (Оренбургская область)'),(286,'Буденновск (Ставропольский край)'),(287,'Будогощь (Ленинградская область)'),(288,'Буздяк (Республика Башкортостан)'),(289,'Бузулук (Оренбургская область)'),(290,'Буинск (Татарстан)'),(291,'Буй (Костромская область)'),(292,'Буйнакск (Республика Дагестан)'),(293,'Бураево (Республика Башкортостан)'),(294,'Бурейский район (Амурская область)'),(295,'Бурла (Алтайский край)'),(296,'Бутурлино (Нижегородская область)'),(297,'Бутурлиновка (Воронежская область)'),(298,'Быково (Волгоградская область)'),(299,'Быстрый Исток (Алтайский край)'),(300,'Вавож (Удмуртская Республика)'),(301,'Вагай (Тюменская область)'),(302,'Вад (Нижегородская область)'),(303,'Вадинск (Пензенская область)'),(304,'Валдай (Карелия)'),(305,'Валдай (Новгородская область)'),(306,'Валуйки (Белгородская область)'),(307,'Ванавара (Красноярский край)'),(308,'Ванино (Хабаровский край)'),(309,'Варгаши (Курганская область)'),(310,'Вардане (Краснодарский край)'),(311,'Варна (Челябинская область)'),(312,'Варнавино (Нижегородская область)'),(313,'Вача (Нижегородская область)'),(314,'Вачи (Республика Дагестан)'),(315,'Вегарус (Карелия)'),(316,'Ведено (Чеченская Республика)'),(317,'Ведлозеро (Карелия)'),(318,'Вейделевка (Белгородская область)'),(319,'Велиж (Смоленская область)'),(320,'Великая Губа (Карелия)'),(321,'Великая Нива (Карелия)'),(322,'Великие Луки (Псковская область)'),(323,'Великий Новгород (Новгородская область)'),(324,'Великий Устюг (Вологодская область)'),(325,'Вельск (Архангельская область,Ненецкий автономный округ)'),(326,'Венгерово (Новосибирская область)'),(327,'Венев (Тульская область)'),(328,'Верещагино (Пермский край)'),(329,'Верх-Суетка (Алтайский край)'),(330,'Верх-Усугли (Забайкальский край)'),(331,'Верх-Чебула (Кемеровская область)'),(332,'Верхневилюйск (Якутия)'),(333,'Верхнеуральск (Челябинская область)'),(334,'Верхнеяркеево (Республика Башкортостан)'),(335,'Верхние Важины (Карелия)'),(336,'Верхние Киги (Республика Башкортостан)'),(337,'Верхние Татышлы (Республика Башкортостан)'),(338,'Верхний Ландех (Ивановская область)'),(339,'Верхний Мамон (Воронежская область)'),(340,'Верхний Олонец (Карелия)'),(341,'Верхний Услон (Татарстан)'),(342,'Верхний Уфалей (Челябинская область)'),(343,'Верхняя Пышма (Свердловская область)'),(344,'Верхняя Салда (Свердловская область)'),(345,'Верхняя Тойма (Архангельская область,Ненецкий автономный округ)'),(346,'Верхняя Хава (Воронежская область)'),(347,'Верховажье (Вологодская область)'),(348,'Верховье (Орловская область)'),(349,'Верхотурье (Свердловская область)'),(350,'Верхошижемье (Кировская область)'),(351,'Весьегонск (Тверская область)'),(352,'Весёлый (Ростовская область)'),(353,'Ветлуга (Нижегородская область)'),(354,'Вешкайма (Ульяновская область)'),(355,'Вешкелица (Карелия)'),(356,'Видлица (Карелия)'),(357,'Видное (Лесопарковый защитный пояс Москвы)'),(358,'Видное (Москва и ближнее Подмосковье)'),(359,'Визинга (Республика Коми)'),(360,'Викулово (Тюменская область)'),(361,'Вилла Гора (Карелия)'),(362,'Вилюйск (Якутия)'),(363,'Вилючинск (Камчатский край)'),(364,'Вилючинск-3 (Камчатский край)'),(365,'Вирандозеро (Карелия)'),(366,'Вичуга (Ивановская область)'),(367,'Владивосток (Приморский край)'),(368,'Владикавказ (Северная Осетия)'),(369,'Владимир (Владимирская область)'),(370,'Владимиро-Александровское (Приморский край)'),(371,'Водла (Карелия)'),(372,'Вожега (Вологодская область)'),(373,'Вознесенское (Нижегородская область)'),(374,'Войница (Карелия)'),(375,'Вокнаволок (Карелия)'),(376,'Волгоград (Волгоградская область)'),(377,'Волгодонск (Ростовская область)'),(378,'Волгореченск (Костромская область)'),(379,'Волдозеро (Карелия)'),(380,'Волжск (Марий Эл)'),(381,'Волжский (Волгоградская область)'),(382,'Волжский Утёс (Самарская область)'),(383,'Волово (Липецкая область)'),(384,'Волово (Тульская область)'),(385,'Вологда (Вологодская область)'),(386,'Володарск (Нижегородская область)'),(387,'Володарский (Астраханская область)'),(388,'Волозеро (Карелия)'),(389,'Волоколамск (Московская область)'),(390,'Волоконовка (Белгородская область)'),(391,'Волома (Карелия)'),(392,'Волосово (Ленинградская область)'),(393,'Волот (Новгородская область)'),(394,'Волхов (Ленинградская область)'),(395,'Волчанск (Свердловская область)'),(396,'Волчиха (Алтайский край)'),(397,'Вольно-Надеждинское (Приморский край)'),(398,'Вольск (Саратовская область)'),(399,'Воркута (Республика Коми)'),(400,'Воробьёвка (Воронежская область)'),(401,'Воронеж (Воронежская область)'),(402,'Воротынец (Нижегородская область)'),(403,'Ворсма (Нижегородская область)'),(404,'Воскресенск (Московская область)'),(405,'Воскресенское (Нижегородская область)'),(406,'Воскресенское (Саратовская область)'),(407,'Воткинск (Удмуртская Республика)'),(408,'Вохма (Костромская область)'),(409,'Всеволожск (Ленинградская область)'),(410,'Вуктыл (Республика Коми)'),(411,'Вурнары (Чувашия)'),(412,'Выборг (Ленинградская область)'),(413,'Выгоничи (Брянская область)'),(414,'Выкса (Нижегородская область)'),(415,'Выльгорт (Республика Коми)'),(416,'Вырица (Ленинградская область)'),(417,'Выселки (Краснодарский край)'),(418,'Высокая Гора (Татарстан)'),(419,'Высоцк (Ленинградская область)'),(420,'Вытегра (Вологодская область)'),(421,'Вышний Волочек (Тверская область)'),(422,'Вяземский (Хабаровский край)'),(423,'Вязники (Владимирская область)'),(424,'Вязьма (Смоленская область)'),(425,'Вяртсиля (Карелия)'),(426,'Вятские Поляны (Кировская область)'),(427,'Вёшенская (Ростовская область)'),(428,'Габсельга (Карелия)'),(429,'Гаврилов Посад (Ивановская область)'),(430,'Гаврилов Ям (Ярославская область)'),(431,'Гавриловка Вторая (Тамбовская область)'),(432,'Гагарин (Смоленская область)'),(433,'Гагино (Нижегородская область)'),(434,'Гагра (Абхазия)'),(435,'Гаджиево (Мурманская область)'),(436,'Газимурский Завод (Забайкальский край)'),(437,'Газопровод (Лесопарковый защитный пояс Москвы)'),(438,'Гай (Оренбургская область)'),(439,'Гайны (Пермский край)'),(440,'Гал (Абхазия)'),(441,'Галич (Костромская область)'),(442,'Гальбштадт (Алтайский край)'),(443,'Гари (Свердловская область)'),(444,'Гатчина (Ленинградская область)'),(445,'Гвардейск (Калининградская область)'),(446,'Гдов (Псковская область)'),(447,'Геленджик (Краснодарский край)'),(448,'Георгиевск (Ставропольский край)'),(449,'Георгиевское (Костромская область)'),(450,'Гергебиль (Республика Дагестан)'),(451,'Гиагинская (Республика Адыгея)'),(452,'Гирвас (Карелия)'),(453,'Глазов (Удмуртская Республика)'),(454,'Глазуновка (Орловская область)'),(455,'Глинка (Смоленская область)'),(456,'Глушково (Курская область)'),(457,'Глядянское (Курганская область)'),(458,'Головинка (Краснодарский край)'),(459,'Голышманово (Тюменская область)'),(460,'Гордеевка (Брянская область)'),(461,'Горки Ленинские (Москва и ближнее Подмосковье)'),(462,'Горно-Алтайск (Республика Алтай)'),(463,'Горнозаводск (Пермский край)'),(464,'Горный (Забайкальский край)'),(465,'Горный (Саратовская область)'),(466,'Горняк (Алтайский край)'),(467,'Городец (Нижегородская область)'),(468,'Городище (Волгоградская область)'),(469,'Городище (Пензенская область)'),(470,'Городовиковск (Калмыкия)'),(471,'Гороховец (Владимирская область)'),(472,'Горшечное (Курская область)'),(473,'Горьковское (Омская область)'),(474,'Горячий Ключ (Краснодарский край)'),(475,'Грайворон (Белгородская область)'),(476,'Грахово (Удмуртская Республика)'),(477,'Грачёвка (Оренбургская область)'),(478,'Грачёвка (Ставропольский край)'),(479,'Гремячинск (Пермский край)'),(480,'Грибановский (Воронежская область)'),(481,'Грозный (Чеченская Республика)'),(482,'Грязи (Липецкая область)'),(483,'Грязовец (Вологодская область)'),(484,'Губаха (Пермский край)'),(485,'Губкин (Белгородская область)'),(486,'Губкинский (Ямало-Ненецкий автономный округ)'),(487,'Гудаута (Абхазия)'),(488,'Гудермес (Чеченская Республика)'),(489,'Гуково (Ростовская область)'),(490,'Гулрыпш (Абхазия)'),(491,'Гулькевичи (Краснодарский край)'),(492,'Гуниб (Республика Дагестан)'),(493,'Гурьевск (Калининградская область)'),(494,'Гурьевск (Кемеровская область)'),(495,'Гусев (Калининградская область)'),(496,'Гусиноозёрск (Бурятия)'),(497,'Гусь-Хрустальный (Владимирская область)'),(498,'Давлеканово (Республика Башкортостан)'),(499,'Дагестанские Огни (Республика Дагестан)'),(500,'Дагомыс (Краснодарский край)'),(501,'Далматово (Курганская область)'),(502,'Дальнегорск (Приморский край)'),(503,'Дальнее Константиново (Нижегородская область)'),(504,'Дальнереченск (Приморский край)'),(505,'Данилов (Ярославская область)'),(506,'Даниловка (Волгоградская область)'),(507,'Данков (Липецкая область)'),(508,'Даровской (Кировская область)'),(509,'Дебёсы (Удмуртская Республика)'),(510,'Дедовичи (Псковская область)'),(511,'Демидов (Смоленская область)'),(512,'Демянск (Новгородская область)'),(513,'Депутатский (Якутия)'),(514,'Дербент (Республика Дагестан)'),(515,'Дергачи (Саратовская область)'),(516,'Десногорск (Смоленская область)'),(517,'Джанкой (Республика Крым)'),(518,'Джейрах (Республика Ингушетия)'),(519,'Дзержинск (Нижегородская область)'),(520,'Дзержинское (Красноярский край)'),(521,'Дивеево (Нижегородская область)'),(522,'Дивногорск (Красноярский край)'),(523,'Дивное (Ставропольский край)'),(524,'Дигора (Северная Осетия)'),(525,'Диксон (Красноярский край)'),(526,'Димитровград (Ульяновская область)'),(527,'Динская (Краснодарский край)'),(528,'Дмитриев-Льговский (Курская область)'),(529,'Дмитриевка (Тамбовская область)'),(530,'Дмитров (Московская область)'),(531,'Дмитровск (Орловская область)'),(532,'Дно (Псковская область)'),(533,'Добринка (Липецкая область)'),(534,'Доброе (Липецкая область)'),(535,'Добрянка (Пермский край)'),(536,'Довольное (Новосибирская область)'),(537,'Долгодеревенское (Челябинская область)'),(538,'Долгое (Орловская область)'),(539,'Долгопрудный (Лесопарковый защитный пояс Москвы)'),(540,'Долгопрудный (Москва и ближнее Подмосковье)'),(541,'Долгоруково (Липецкая область)'),(542,'Долинск (Сахалинская область)'),(543,'Домбай (Республика Карачаево-Черкесия)'),(544,'Домбаровский (Оренбургская область)'),(545,'Домодедово (Москва и ближнее Подмосковье)'),(546,'Домодедово (Московская область)'),(547,'Донецк (Ростовская область)'),(548,'Донское (Ставропольский край)'),(549,'Донской (Тульская область)'),(550,'Дорогобуж (Смоленская область)'),(551,'Дубенки (Мордовия)'),(552,'Дубна (Московская область)'),(553,'Дубна (Тульская область)'),(554,'Дубовка (Волгоградская область)'),(555,'Дубовское (Ростовская область)'),(556,'Дубровка (Брянская область)'),(557,'Дудинка (Красноярский край)'),(558,'Дульдурга (Забайкальский край)'),(559,'Думиничи (Калужская область)'),(560,'Духовницкое (Саратовская область)'),(561,'Духовщина (Смоленская область)'),(562,'Дылым (Республика Дагестан)'),(563,'Дюртюли (Республика Башкортостан)'),(564,'Дятьково (Брянская область)'),(565,'Евпатория (Республика Крым)'),(566,'Егорлыкская (Ростовская область)'),(567,'Егорьевск (Московская область)'),(568,'Ейск (Краснодарский край)'),(569,'Екатеринбург (Свердловская область)'),(570,'Екатериновка (Саратовская область)'),(571,'Елабуга (Татарстан)'),(572,'Еланцы (Иркутская область)'),(573,'Елань (Волгоградская область)'),(574,'Елец (Липецкая область)'),(575,'Елизово (Камчатский край)'),(576,'Елово (Пермский край)'),(577,'Елховка (Самарская область)'),(578,'Ельники (Мордовия)'),(579,'Ельня (Смоленская область)'),(580,'Ельцовка (Алтайский край)'),(581,'Еманжелинск (Челябинская область)'),(582,'Емва (Республика Коми)'),(583,'Емельяново (Красноярский край)'),(584,'Енисейск (Красноярский край)'),(585,'Енотаевка (Астраханская область)'),(586,'Ербогачен (Иркутская область)'),(587,'Ермаковское (Красноярский край)'),(588,'Ермекеево (Республика Башкортостан)'),(589,'Ермишь (Рязанская область)'),(590,'Ермолаево (Республика Башкортостан)'),(591,'Ершичи (Смоленская область)'),(592,'Ершов (Саратовская область)'),(593,'Ессентуки (Ставропольский край)'),(594,'Ессентукская (Ставропольский край)'),(595,'Еткуль (Челябинская область)'),(596,'Ефремов (Тульская область)'),(597,'Жарковский (Тверская область)'),(598,'Железноводск (Ставропольский край)'),(599,'Железногорск (Красноярский край)'),(600,'Железногорск (Курская область)'),(601,'Железногорск-Илимский (Иркутская область)'),(602,'Железнодорожный (Лесопарковый защитный пояс Москвы)'),(603,'Железнодорожный (Москва и ближнее Подмосковье)'),(604,'Жердевка (Тамбовская область)'),(605,'Жигалово (Иркутская область)'),(606,'Жиганск (Якутия)'),(607,'Жигулевск (Самарская область)'),(608,'Жиздра (Калужская область)'),(609,'Жирновск (Волгоградская область)'),(610,'Жирятино (Брянская область)'),(611,'Жуков (Калужская область)'),(612,'Жуковка (Брянская область)'),(613,'Жуковский (Лесопарковый защитный пояс Москвы)'),(614,'ЗАО Калита-Телеком (Московская область)'),(615,'Забайкальск (Забайкальский край)'),(616,'Заветное (Ростовская область)'),(617,'Завитинский район (Амурская область)'),(618,'Заводоуковск (Тюменская область)'),(619,'Заволжск (Ивановская область)'),(620,'Заволжье (Нижегородская область)'),(621,'Завьялово (Алтайский край)'),(622,'Завьялово (Удмуртская Республика)'),(623,'Задонск (Липецкая область)'),(624,'Заиграево (Бурятия)'),(625,'Заинск (Татарстан)'),(626,'Закаменск (Бурятия)'),(627,'Залари (Иркутская область)'),(628,'Залегощь (Орловская область)'),(629,'Залесово (Алтайский край)'),(630,'Залукокоаже (Кабардино-Балкария)'),(631,'Заозерный (Красноярский край)'),(632,'Заозерск (Мурманская область)'),(633,'Заозёрный (Карелия)'),(634,'Заокский (Тульская область)'),(635,'Западная Двина (Тверская область)'),(636,'Заполярный (Мурманская область)'),(637,'Зарайск (Московская область)'),(638,'Заринск (Алтайский край)'),(639,'Захарово (Рязанская область)'),(640,'Звенигово (Марий Эл)'),(641,'Зверево (Ростовская область)'),(642,'Звериноголовское (Курганская область)'),(643,'Звёздный (Пермский край)'),(644,'Здвинск (Новосибирская область)'),(645,'Зейский район (Амурская область)'),(646,'Зеленогорск (Красноярский край)'),(647,'Зеленоградск (Калининградская область)'),(648,'Зеленодольск (Татарстан)'),(649,'Зеленокумск (Ставропольский край)'),(650,'Зеленчукская (Республика Карачаево-Черкесия)'),(651,'Земетчино (Пензенская область)'),(652,'Зерноград (Ростовская область)'),(653,'Зилаир (Республика Башкортостан)'),(654,'Зима (Иркутская область)'),(655,'Зимовники (Ростовская область)'),(656,'Златоуст (Челябинская область)'),(657,'Злынка (Брянская область)'),(658,'Змеиногорск (Алтайский край)'),(659,'Змиевка (Орловская область)'),(660,'Знаменка (Тамбовская область)'),(661,'Знаменск (Астраханская область)'),(662,'Знаменское (Омская область)'),(663,'Знаменское (Орловская область)'),(664,'Знаменское (Чеченская Республика)'),(665,'Золотец (Карелия)'),(666,'Золотухино (Курская область)'),(667,'Зональное (Алтайский край)'),(668,'Зубова Поляна (Мордовия)'),(669,'Зубцов (Тверская область)'),(670,'Зуевка (Кировская область)'),(671,'Зырянка (Якутия)'),(672,'Зырянское (Томская область)'),(673,'Ибреси (Чувашия)'),(674,'Ивангород (Ленинградская область)'),(675,'Иваново (Ивановская область)'),(676,'Ивановский район (Амурская область)'),(677,'Ивантеевка (Саратовская область)'),(678,'Ивдель (Свердловская область)'),(679,'Ивня (Белгородская область)'),(680,'Иволгинск (Бурятия)'),(681,'Игарка (Красноярский край)'),(682,'Иглино (Республика Башкортостан)'),(683,'Игра (Удмуртская Республика)'),(684,'Идель (Карелия)'),(685,'Идринское (Красноярский край)'),(686,'Ижевск (Удмуртская Республика)'),(687,'Ижма (Республика Коми)'),(688,'Ижморский (Кемеровская область)'),(689,'Избербаш (Республика Дагестан)'),(690,'Измалково (Липецкая область)'),(691,'Износки (Калужская область)'),(692,'Изобильный (Ставропольский край)'),(693,'Ики-Бурул (Калмыкия)'),(694,'Икряное (Астраханская область)'),(695,'Иланский (Красноярский край)'),(696,'Илек (Оренбургская область)'),(697,'Иловля (Волгоградская область)'),(698,'Ильинский (Карелия)'),(699,'Ильинский (Пермский край)'),(700,'Ильинско-Подомское (Архангельская область,Ненецкий автономный округ)'),(701,'Ильинское-Хованское (Ивановская область)'),(702,'Импилахти (Карелия)'),(703,'Инжавино (Тамбовская область)'),(704,'Инза (Ульяновская область)'),(705,'Инсар (Мордовия)'),(706,'Инта (Республика Коми)'),(707,'Ипатово (Ставропольский край)'),(708,'Ирбейское (Красноярский край)'),(709,'Ирбит (Свердловская область)'),(710,'Иркутск (Иркутская область)'),(711,'Исаклы (Самарская область)'),(712,'Исетское (Тюменская область)'),(713,'Исилькуль (Омская область)'),(714,'Искитим (Новосибирская область)'),(715,'Исса (Пензенская область)'),(716,'Истра (Московская область)'),(717,'Исянгулово (Республика Башкортостан)'),(718,'Итум-Кале (Чеченская Республика)'),(719,'Ихала (Карелия)'),(720,'Ишеевка (Ульяновская область)'),(721,'Ишим (Тюменская область)'),(722,'Ишимбай (Республика Башкортостан)'),(723,'Йошкар-Ола (Марий Эл)'),(724,'Кааламо (Карелия)'),(725,'Кабанск (Бурятия)'),(726,'Кавалерово (Приморский край)'),(727,'Кавказская (Краснодарский край)'),(728,'Кавказский (Республика Карачаево-Черкесия)'),(729,'Кагальницкая (Ростовская область)'),(730,'Кадом (Рязанская область)'),(731,'Кадошкино (Мордовия)'),(732,'Кадуй (Вологодская область)'),(733,'Кадый (Костромская область)'),(734,'Казанская (Ростовская область)'),(735,'Казанское (Тюменская область)'),(736,'Казань (Татарстан)'),(737,'Казачинское (Иркутская область)'),(738,'Казачинское (Красноярский край)'),(739,'Калар (Забайкальский край)'),(740,'Калач (Воронежская область)'),(741,'Калач-на-Дону (Волгоградская область)'),(742,'Калачинск (Омская область)'),(743,'Калга (Забайкальский край)'),(744,'Калгалакша (Карелия)'),(745,'Калевала (Карелия)'),(746,'Калининград (Калининградская область)'),(747,'Калининск (Саратовская область)'),(748,'Калининская (Краснодарский край)'),(749,'Калманка (Алтайский край)'),(750,'Калтан (Кемеровская область)'),(751,'Калтасы (Республика Башкортостан)'),(752,'Калуга (Калужская область)'),(753,'Калязин (Тверская область)'),(754,'Камбарка (Удмуртская Республика)'),(755,'Каменка (Воронежская область)'),(756,'Каменка (Пензенская область)'),(757,'Каменный Бор (Карелия)'),(758,'Каменоломни (Ростовская область)'),(759,'Каменск-Уральский (Свердловская область)'),(760,'Каменск-Шахтинский (Ростовская область)'),(761,'Каменское (Камчатский край)'),(762,'Камень-Рыболов (Приморский край)'),(763,'Камень-на-Оби (Алтайский край)'),(764,'Камешково (Владимирская область)'),(765,'Камское Устье (Татарстан)'),(766,'Камызяк (Астраханская область)'),(767,'Камышин (Волгоградская область)'),(768,'Камышла (Самарская область)'),(769,'Камышлов (Свердловская область)'),(770,'Канаш (Чувашия)'),(771,'Кандалакша (Мурманская область)'),(772,'Каневская (Краснодарский край)'),(773,'Канск (Красноярский край)'),(774,'Кантемировка (Воронежская область)'),(775,'Карабаш (Челябинская область)'),(776,'Карабудахкент (Республика Дагестан)'),(777,'Карабулак (Республика Ингушетия)'),(778,'Карагай (Пермский край)'),(779,'Караидель (Республика Башкортостан)'),(780,'Каракулино (Удмуртская Республика)'),(781,'Карасук (Новосибирская область)'),(782,'Каратузское (Красноярский край)'),(783,'Караул (Красноярский край)'),(784,'Карачаевск (Республика Карачаево-Черкесия)'),(785,'Карачев (Брянская область)'),(786,'Каргаполье (Курганская область)'),(787,'Каргасок (Томская область)'),(788,'Каргат (Новосибирская область)'),(789,'Каргополь (Архангельская область,Ненецкий автономный округ)'),(790,'Кардымово (Смоленская область)'),(791,'Кармаскалы (Республика Башкортостан)'),(792,'Карпинск (Свердловская область)'),(793,'Карпогоры (Архангельская область,Ненецкий автономный округ)'),(794,'Карсун (Ульяновская область)'),(795,'Карталы (Челябинская область)'),(796,'Каршево (Карелия)'),(797,'Карымское (Забайкальский край)'),(798,'Касимов (Рязанская область)'),(799,'Касли (Челябинская область)'),(800,'Каспийск (Республика Дагестан)'),(801,'Касторное (Курская область)'),(802,'Касумкент (Республика Дагестан)'),(803,'Катав-Ивановск (Челябинская область)'),(804,'Катайск (Курганская область)'),(805,'Качканар (Свердловская область)'),(806,'Качуг (Иркутская область)'),(807,'Кашары (Ростовская область)'),(808,'Кашин (Тверская область)'),(809,'Кашира (Московская область)'),(810,'Каширское (Воронежская область)'),(811,'Кашхатау (Кабардино-Балкария)'),(812,'Кваркено (Оренбургская область)'),(813,'Кедровый (Томская область)'),(814,'Кедрозеро (Карелия)'),(815,'Кез (Удмуртская Республика)'),(816,'Кемерово (Кемеровская область)'),(817,'Кемля (Мордовия)'),(818,'Кемь (Карелия)'),(819,'Кепа (Карелия)'),(820,'Керчь (Республика Крым)'),(821,'Кесова Гора (Тверская область)'),(822,'Кестеньга (Карелия)'),(823,'Кетово (Курганская область)'),(824,'Кетченеры (Калмыкия)'),(825,'Кивач (Карелия)'),(826,'Кижи (Карелия)'),(827,'Кижинга (Бурятия)'),(828,'Кизел (Пермский край)'),(829,'Кизильское (Челябинская область)'),(830,'Кизилюрт (Республика Дагестан)'),(831,'Кизляр (Республика Дагестан)'),(832,'Кизнер (Удмуртская Республика)'),(833,'Кикнур (Кировская область)'),(834,'Килемары (Марий Эл)'),(835,'Кильмезь (Кировская область)'),(836,'Кимовск (Тульская область)'),(837,'Кимры (Тверская область)'),(838,'Кингисепп (Ленинградская область)'),(839,'Кинелахта (Карелия)'),(840,'Кинель (Самарская область)'),(841,'Кинель-Черкассы (Самарская область)'),(842,'Кинешма (Ивановская область)'),(843,'Киргиз-Мияки (Республика Башкортостан)'),(844,'Киреевск (Тульская область)'),(845,'Киренск (Иркутская область)'),(846,'Киржач (Владимирская область)'),(847,'Кириллов (Вологодская область)'),(848,'Кириши (Ленинградская область)'),(849,'Киров (Калужская область)'),(850,'Киров (Кировская область)'),(851,'Кировград (Свердловская область)'),(852,'Кирово-Чепецк (Кировская область)'),(853,'Кировск (Ленинградская область)'),(854,'Кировск (Мурманская область)'),(855,'Кировский (Приморский край)'),(856,'Кирс (Кировская область)'),(857,'Кирсанов (Тамбовская область)'),(858,'Киселевск (Кемеровская область)'),(859,'Кисловодск (Ставропольский край)'),(860,'Кичменгский Городок (Вологодская область)'),(861,'Киясово (Удмуртская Республика)'),(862,'Клетня (Брянская область)'),(863,'Клетская (Волгоградская область)'),(864,'Климово (Брянская область)'),(865,'Клин (Московская область)'),(866,'Клинцы (Брянская область)'),(867,'Ключи (Алтайский край)'),(868,'Ключи (Камчатский край)'),(869,'Клявлино (Самарская область)'),(870,'Княгинино (Нижегородская область)'),(871,'Ковдор (Мурманская область)'),(872,'Ковера (Карелия)'),(873,'Ковернино (Нижегородская область)'),(874,'Ковров (Владимирская область)'),(875,'Ковылкино (Мордовия)'),(876,'Когалым (Ханты-Мансийский автономный округ)'),(877,'Кодинск (Красноярский край)'),(878,'Кожевниково (Томская область)'),(879,'Козельск (Калужская область)'),(880,'Козловка (Чувашия)'),(881,'Козулька (Красноярский край)'),(882,'Козыревск (Камчатский край)'),(883,'Козьмодемьянск (Марий Эл)'),(884,'Койвусельга (Карелия)'),(885,'Койгородок (Республика Коми)'),(886,'Кола (Мурманская область)'),(887,'Колатсельга (Карелия)'),(888,'Колежма (Карелия)'),(889,'Колово (Карелия)'),(890,'Кологрив (Костромская область)'),(891,'Колодозеро (Карелия)'),(892,'Коломна (Московская область)'),(893,'Колосовка (Омская область)'),(894,'Колпашево (Томская область)'),(895,'Колпны (Орловская область)'),(896,'Колывань (Новосибирская область)'),(897,'Колышлей (Пензенская область)'),(898,'Кольчугино (Владимирская область)'),(899,'Комаричи (Брянская область)'),(900,'Коммунар (Ленинградская область)'),(901,'Коммунарка (Лесопарковый защитный пояс Москвы)'),(902,'Комсомольск (Ивановская область)'),(903,'Комсомольск-на-Амуре (Хабаровский край)'),(904,'Комсомольский (Калмыкия)'),(905,'Комсомольское (Чувашия)'),(906,'Конаково (Тверская область)'),(907,'Кондинское (Ханты-Мансийский автономный округ)'),(908,'Кондоль (Пензенская область)'),(909,'Кондопога (Карелия)'),(910,'Кондрово (Калужская область)'),(911,'Коноша (Архангельская область,Ненецкий автономный округ)'),(912,'Константиновск (Ростовская область)'),(913,'Константиновский район (Амурская область)'),(914,'Контокки (Карелия)'),(915,'Кончезеро (Карелия)'),(916,'Конышевка (Курская область)'),(917,'Копейск (Челябинская область)'),(918,'Копьёво (Хакасия)'),(919,'Кораблино (Рязанская область)'),(920,'Коренево (Курская область)'),(921,'Кореновск (Краснодарский край)'),(922,'Коркино (Челябинская область)'),(923,'Кормиловка (Омская область)'),(924,'Королёв (Москва и ближнее Подмосковье)'),(925,'Короча (Белгородская область)'),(926,'Корсаков (Сахалинская область)'),(927,'Корсаково (Орловская область)'),(928,'Корткерос (Республика Коми)'),(929,'Коряжма (Архангельская область,Ненецкий автономный округ)'),(930,'Коса (Пермский край)'),(931,'Косиха (Алтайский край)'),(932,'Космозеро (Карелия)'),(933,'Костомукша (Карелия)'),(934,'Кострома (Костромская область)'),(935,'Котельниково (Волгоградская область)'),(936,'Котельнич (Кировская область)'),(937,'Коткозеро (Карелия)'),(938,'Котлас (Архангельская область,Ненецкий автономный округ)'),(939,'Котово (Волгоградская область)'),(940,'Котовск (Тамбовская область)'),(941,'Коченево (Новосибирская область)'),(942,'Кочки (Новосибирская область)'),(943,'Кочкома (Карелия)'),(944,'Кочкурово (Мордовия)'),(945,'Кочубеевское (Ставропольский край)'),(946,'Кочёво (Пермский край)'),(947,'Кош-Агач (Республика Алтай)'),(948,'Кошехабль (Республика Адыгея)'),(949,'Кошки (Самарская область)'),(950,'Крапивинский (Кемеровская область)'),(951,'Красная Гора (Брянская область)'),(952,'Красная Горбатка (Владимирская область)'),(953,'Красная Горка (Республика Башкортостан)'),(954,'Красная Заря (Орловская область)'),(955,'Красная Яруга (Белгородская область)'),(956,'Красноармейск (Саратовская область)'),(957,'Красноармейское (Самарская область)'),(958,'Красноармейское (Чувашия)'),(959,'Красноборск (Архангельская область,Ненецкий автономный округ)'),(960,'Красновишерск (Пермский край)'),(961,'Красногвардейское (Белгородская область)'),(962,'Красногвардейское (Республика Адыгея)'),(963,'Красногвардейское (Ставропольский край)'),(964,'Красногородск (Псковская область)'),(965,'Красногорск (Москва и ближнее Подмосковье)'),(966,'Красногорское (Алтайский край)'),(967,'Красногорское (Удмуртская Республика)'),(968,'Краснодар (Краснодарский край)'),(969,'Красное (Белгородская область)'),(970,'Красное (Липецкая область)'),(971,'Красное-на-Волге (Костромская область)'),(972,'Краснозерское (Новосибирская область)'),(973,'Краснознаменск (Калининградская область)'),(974,'Краснокаменск (Забайкальский край)'),(975,'Краснокамск (Пермский край)'),(976,'Красноперекопск (Республика Крым)'),(977,'Красноселькуп (Ямало-Ненецкий автономный округ)'),(978,'Краснослободск (Мордовия)'),(979,'Краснотуранск (Красноярский край)'),(980,'Краснотурьинск (Свердловская область)'),(981,'Красноуральск (Свердловская область)'),(982,'Красноусольский (Республика Башкортостан)'),(983,'Красноуфимск (Свердловская область)'),(984,'Краснощеково (Алтайский край)'),(985,'Красноярск (Красноярский край)'),(986,'Красные Баки (Нижегородская область)'),(987,'Красные Четаи (Чувашия)'),(988,'Красный (Смоленская область)'),(989,'Красный Кут (Саратовская область)'),(990,'Красный Сулин (Ростовская область)'),(991,'Красный Холм (Тверская область)'),(992,'Красный Чикой (Забайкальский край)'),(993,'Красный Яр (Астраханская область)'),(994,'Красный Яр (Самарская область)'),(995,'Крестцы (Новгородская область)'),(996,'Кривой Порог (Карелия)'),(997,'Кривошеино (Томская область)'),(998,'Кривцы (Карелия)'),(999,'Кромы (Орловская область)'),(1000,'Кропоткин (Краснодарский край)'),(1001,'Крошнозеро (Карелия)'),(1002,'Крутинка (Омская область)'),(1003,'Крутиха (Алтайский край)'),(1004,'Крыловская (Краснодарский край)'),(1005,'Крымск (Краснодарский край)'),(1006,'Кстово (Нижегородская область)'),(1007,'Кубово (Карелия)'),(1008,'Кувандык (Оренбургская область)'),(1009,'Кувшиново (Тверская область)'),(1010,'Кугеси (Чувашия)'),(1011,'Кудепста (Краснодарский край)'),(1012,'Кудымкар (Пермский край)'),(1013,'Куеда (Пермский край)'),(1014,'Куженер (Марий Эл)'),(1015,'Кузема (Карелия)'),(1016,'Кузнецк (Пензенская область)'),(1017,'Кузоватово (Ульяновская область)'),(1018,'Куйбышев (Новосибирская область)'),(1019,'Куйбышево (Ростовская область)'),(1020,'Куйтежа (Карелия)'),(1021,'Куйтун (Иркутская область)'),(1022,'Кукмор (Татарстан)'),(1023,'Кулебаки (Нижегородская область)'),(1024,'Кулунда (Алтайский край)'),(1025,'Кумены (Кировская область)'),(1026,'Кумертау (Республика Башкортостан)'),(1027,'Кумса (Карелия)'),(1028,'Кумух (Республика Дагестан)'),(1029,'Кумылженская (Волгоградская область)'),(1030,'Кунашак (Челябинская область)'),(1031,'Кунгур (Пермский край)'),(1032,'Кунья (Псковская область)'),(1033,'Купино (Новосибирская область)'),(1034,'Курагино (Красноярский край)'),(1035,'Курах (Республика Дагестан)'),(1036,'Курган (Курганская область)'),(1037,'Курганинск (Краснодарский край)'),(1038,'Курильск (Сахалинская область)'),(1039,'Куркино (Тульская область)'),(1040,'Куркиёки (Карелия)'),(1041,'Курманаевка (Оренбургская область)'),(1042,'Курсавка (Ставропольский край)'),(1043,'Курск (Курская область)'),(1044,'Курская (Ставропольский край)'),(1045,'Куртамыш (Курганская область)'),(1046,'Курумкан (Бурятия)'),(1047,'Курчалой (Чеченская Республика)'),(1048,'Курчатов (Курская область)'),(1049,'Курья (Алтайский край)'),(1050,'Куса (Челябинская область)'),(1051,'Кутулик (Иркутская область)'),(1052,'Куусиниеми (Карелия)'),(1053,'Кушва (Свердловская область)'),(1054,'Кушнаренково (Республика Башкортостан)'),(1055,'Кущёвская (Краснодарский край)'),(1056,'Кшенский (Курская область)'),(1057,'Кызыл (Республика Тыва)'),(1058,'Кызыл-Мажалык (Республика Тыва)'),(1059,'Кыра (Забайкальский край)'),(1060,'Кырен (Бурятия)'),(1061,'Кытманово (Алтайский край)'),(1062,'Кыштовка (Новосибирская область)'),(1063,'Кыштым (Челябинская область)'),(1064,'Кяпесельга (Карелия)'),(1065,'Кяргозеро (Карелия)'),(1066,'Кяхта (Бурятия)'),(1067,'Лабинск (Краснодарский край)'),(1068,'Лабытнанги (Ямало-Ненецкий автономный округ)'),(1069,'Лавас Губа (Карелия)'),(1070,'Лаврентия (Чукотский автономный округ)'),(1071,'Лагань (Калмыкия)'),(1072,'Лазаревское (Краснодарский край)'),(1073,'Лазо (Приморский край)'),(1074,'Лаишево (Татарстан)'),(1075,'Ламбасручей (Карелия)'),(1076,'Ламберг (Карелия)'),(1077,'Лангепас (Ханты-Мансийский автономный округ)'),(1078,'Лапино (Карелия)'),(1079,'Лахденпохья (Карелия)'),(1080,'Лахколамби (Карелия)'),(1081,'Лебедянь (Липецкая область)'),(1082,'Лебяжье (Кировская область)'),(1083,'Лебяжье (Курганская область)'),(1084,'Лев Толстой (Липецкая область)'),(1085,'Леваши (Республика Дагестан)'),(1086,'Левокумское (Ставропольский край)'),(1087,'Ледмозеро (Карелия)'),(1088,'Лежнево (Ивановская область)'),(1089,'Лендеры (Карелия)'),(1090,'Ленинградская (Краснодарский край)'),(1091,'Лениногорск (Татарстан)'),(1092,'Ленинск (Волгоградская область)'),(1093,'Ленинск-Кузнецкий (Кемеровская область)'),(1094,'Ленинский (Тульская область)'),(1095,'Ленинский район (Лесопарковый защитный пояс Москвы)'),(1096,'Ленинское (Еврейская автономная область)'),(1097,'Ленинское (Кировская область)'),(1098,'Ленск (Якутия)'),(1099,'Леппяниеми (Карелия)'),(1100,'Леппясилта (Карелия)'),(1101,'Леппясюрья (Карелия)'),(1102,'Лермонтов (Ставропольский край)'),(1103,'Лесное (Тверская область)'),(1104,'Лесной (Свердловская область)'),(1105,'Лесобиржа (Карелия)'),(1106,'Лесозаводск (Приморский край)'),(1107,'Лесосибирск (Красноярский край)'),(1108,'Летнереченский (Карелия)'),(1109,'Летняя Ставка (Ставропольский край)'),(1110,'Лехта (Карелия)'),(1111,'Лешуконское (Архангельская область,Ненецкий автономный округ)'),(1112,'Ливны (Орловская область)'),(1113,'Лиман (Астраханская область)'),(1114,'Липецк (Липецкая область)'),(1115,'Липин Бор (Вологодская область)'),(1116,'Лиски (Воронежская область)'),(1117,'Лихославль (Тверская область)'),(1118,'Лобня (Лесопарковый защитный пояс Москвы)'),(1119,'Лобня (Москва и ближнее Подмосковье)'),(1120,'Ловозеро (Мурманская область)'),(1121,'Лодейное Поле (Ленинградская область)'),(1122,'Лоймола (Карелия)'),(1123,'Локня (Псковская область)'),(1124,'Локоть (Брянская область)'),(1125,'Ломоносов (Ленинградская область)'),(1126,'Лоо (Краснодарский край)'),(1127,'Лопатино (Пензенская область)'),(1128,'Лотошино (Московская область)'),(1129,'Лоухи (Карелия)'),(1130,'Луга (Ленинградская область)'),(1131,'Луза (Кировская область)'),(1132,'Лукоянов (Нижегородская область)'),(1133,'Лумбуши (Карелия)'),(1134,'Лунино (Пензенская область)'),(1135,'Луусалми (Карелия)'),(1136,'Лух (Ивановская область)'),(1137,'Луховицы (Московская область)'),(1138,'Лучегорск (Приморский край)'),(1139,'Лысково (Нижегородская область)'),(1140,'Лысые Горы (Саратовская область)'),(1141,'Лысьва (Пермский край)'),(1142,'Лыткарино (Москва и ближнее Подмосковье)'),(1143,'Льгов (Курская область)'),(1144,'Люберцы (Москва и ближнее Подмосковье)'),(1145,'Любим (Ярославская область)'),(1146,'Любинский (Омская область)'),(1147,'Любытино (Новгородская область)'),(1148,'Людиново (Калужская область)'),(1149,'Лямбирь (Мордовия)'),(1150,'Лянтор (Ханты-Мансийский автономный округ)'),(1151,'Ляскеля (Карелия)'),(1152,'Магадан (Магаданская область)'),(1153,'Магарамкент (Республика Дагестан)'),(1154,'Магас (Республика Ингушетия)'),(1155,'Магдагачинский район (Амурская область)'),(1156,'Магнитогорск (Челябинская область)'),(1157,'Маджалис (Республика Дагестан)'),(1158,'Мазановский район (Амурская область)'),(1159,'Майкоп (Республика Адыгея)'),(1160,'Майма (Республика Алтай)'),(1161,'Майна (Ульяновская область)'),(1162,'Майский (Кабардино-Балкария)'),(1163,'Майя (Якутия)'),(1164,'Макаров (Сахалинская область)'),(1165,'Макарьев (Костромская область)'),(1166,'Максатиха (Тверская область)'),(1167,'Макушино (Курганская область)'),(1168,'Малая Вишера (Новгородская область)'),(1169,'Малая Пурга (Удмуртская Республика)'),(1170,'Малая Сердоба (Пензенская область)'),(1171,'Малгобек (Республика Ингушетия)'),(1172,'Маленьга (Карелия)'),(1173,'Малмыж (Кировская область)'),(1174,'Малоархангельск (Орловская область)'),(1175,'Малояз (Республика Башкортостан)'),(1176,'Малоярославец (Калужская область)'),(1177,'Малые Дербеты (Калмыкия)'),(1178,'Мама (Иркутская область)'),(1179,'Мамадыш (Татарстан)'),(1180,'Мамонтово (Алтайский край)'),(1181,'Мантурово (Костромская область)'),(1182,'Мантурово (Курская область)'),(1183,'Мари-Турек (Марий Эл)'),(1184,'Мариинск (Кемеровская область)'),(1185,'Мариинский Посад (Чувашия)'),(1186,'Маркс (Саратовская область)'),(1187,'Марьяновка (Омская область)'),(1188,'Марёво (Новгородская область)'),(1189,'Маслянино (Новосибирская область)'),(1190,'Матвеев-Курган (Ростовская область)'),(1191,'Матвеевка (Оренбургская область)'),(1192,'Матросы (Карелия)'),(1193,'Махачкала (Республика Дагестан)'),(1194,'Мглин (Брянская область)'),(1195,'Мегион (Ханты-Мансийский автономный округ)'),(1196,'Мегрега (Карелия)'),(1197,'Медвежьегорск (Карелия)'),(1198,'Медвенка (Курская область)'),(1199,'Медногорск (Оренбургская область)'),(1200,'Медынь (Калужская область)'),(1201,'Межгорье (Республика Башкортостан)'),(1202,'Международный аэропорт «Шереметьево» (Москва и ближнее Подмосковье)'),(1203,'Междуреченск (Кемеровская область)'),(1204,'Мезень (Архангельская область,Ненецкий автономный округ)'),(1205,'Меленки (Владимирская область)'),(1206,'Мелеуз (Республика Башкортостан)'),(1207,'Мельниково (Томская область)'),(1208,'Менделеевск (Татарстан)'),(1209,'Мензелинск (Татарстан)'),(1210,'Месягутово (Республика Башкортостан)'),(1211,'Мехельта (Республика Дагестан)'),(1212,'Мещовск (Калужская область)'),(1213,'Миасс (Челябинская область)'),(1214,'Миасское (Челябинская область)'),(1215,'Мийнала (Карелия)'),(1216,'Миллерово (Ростовская область)'),(1217,'Милославское (Рязанская область)'),(1218,'Мильково (Камчатский край)'),(1219,'Милютинская (Ростовская область)'),(1220,'Минеральные Воды (Ставропольский край)'),(1221,'Минусинск (Красноярский край)'),(1222,'Мирный (Архангельская область,Ненецкий автономный округ)'),(1223,'Мирный (Якутия)'),(1224,'Михайлов (Рязанская область)'),(1225,'Михайловка (Алтайский край)'),(1226,'Михайловка (Волгоградская область)'),(1227,'Михайловка (Приморский край)'),(1228,'Михайловск (Ставропольский край)'),(1229,'Михайловский район (Амурская область)'),(1230,'Михайловское (Карелия)'),(1231,'Мичуринск (Тамбовская область)'),(1232,'Мишкино (Курганская область)'),(1233,'Мишкино (Республика Башкортостан)'),(1234,'Могойтуй (Забайкальский край)'),(1235,'Могоча (Забайкальский край)'),(1236,'Можайск (Московская область)'),(1237,'Можга (Удмуртская Республика)'),(1238,'Моздок (Северная Осетия)'),(1239,'Мокроус (Саратовская область)'),(1240,'Мокроусово (Курганская область)'),(1241,'Мокшан (Пензенская область)'),(1242,'Молоково (Тверская область)'),(1243,'Молчаново (Томская область)'),(1244,'Монастырщина (Смоленская область)'),(1245,'Мончегорск (Мурманская область)'),(1246,'Моргауши (Чувашия)'),(1247,'Мордово (Тамбовская область)'),(1248,'Морки (Марий Эл)'),(1249,'Морозовск (Ростовская область)'),(1250,'Моршанск (Тамбовская область)'),(1251,'Мосальск (Калужская область)'),(1252,'Москаленки (Омская область)'),(1253,'Москва'),(1254,'Московский (Москва и ближнее Подмосковье)'),(1255,'Мосрентген (Москва и ближнее Подмосковье)'),(1256,'Мостовской (Краснодарский край)'),(1257,'Мотыгино (Красноярский край)'),(1258,'Мошенское (Новгородская область)'),(1259,'Мошково (Новосибирская область)'),(1260,'Мраково (Республика Башкортостан)'),(1261,'Мугур-Аксы (Республика Тыва)'),(1262,'Муезерский (Карелия)'),(1263,'Мужи (Ямало-Ненецкий автономный округ)'),(1264,'Муравленко (Ямало-Ненецкий автономный округ)'),(1265,'Мураши (Кировская область)'),(1266,'Мурманск (Мурманская область)'),(1267,'Муром (Владимирская область)'),(1268,'Муромцево (Омская область)'),(1269,'Муслюмово (Татарстан)'),(1270,'Мухоршибирь (Бурятия)'),(1271,'Мучкапский (Тамбовская область)'),(1272,'Мценск (Орловская область)'),(1273,'Мыс Шмидта (Чукотский автономный округ)'),(1274,'Мыски (Кемеровская область)'),(1275,'Мытищи (Москва и ближнее Подмосковье)'),(1276,'Мышкин (Ярославская область)'),(1277,'Набережные Челны (Татарстан)'),(1278,'Навашино (Нижегородская область)'),(1279,'Навля (Брянская область)'),(1280,'Нагорск (Кировская область)'),(1281,'Надвоицы (Карелия)'),(1282,'Надым (Ямало-Ненецкий автономный округ)'),(1283,'Назарово (Красноярский край)'),(1284,'Назрань (Республика Ингушетия)'),(1285,'Называевск (Омская область)'),(1286,'Найстеньярви (Карелия)'),(1287,'Нальчик (Кабардино-Балкария)'),(1288,'Намцы (Якутия)'),(1289,'Нариманов (Астраханская область)'),(1290,'Наро-Фоминск (Московская область)'),(1291,'Наровчат (Пензенская область)'),(1292,'Нарткала (Кабардино-Балкария)'),(1293,'Нарышкино (Орловская область)'),(1294,'Нарьян-Мар (Архангельская область,Ненецкий автономный округ)'),(1295,'Наурская (Чеченская Республика)'),(1296,'Находка (Приморский край)'),(1297,'Началово (Астраханская область)'),(1298,'Невель (Псковская область)'),(1299,'Невельск (Сахалинская область)'),(1300,'Неверкино (Пензенская область)'),(1301,'Невинномысск (Ставропольский край)'),(1302,'Невьянск (Свердловская область)'),(1303,'Некрасовское (Ярославская область)'),(1304,'Нелгомозеро (Карелия)'),(1305,'Нелидово (Тверская область)'),(1306,'Нема (Кировская область)'),(1307,'Неман (Калининградская область)'),(1308,'Нерехта (Костромская область)'),(1309,'Нерчинск (Забайкальский край)'),(1310,'Нерчинский Завод (Забайкальский край)'),(1311,'Нерюнгри (Якутия)'),(1312,'Нестеров (Калининградская область)'),(1313,'Нефтегорск (Самарская область)'),(1314,'Нефтекамск (Республика Башкортостан)'),(1315,'Нефтекумск (Ставропольский край)'),(1316,'Нефтеюганск (Ханты-Мансийский автономный округ)'),(1317,'Нехаевская (Волгоградская область)'),(1318,'Нея (Костромская область)'),(1319,'Нижнеангарск (Бурятия)'),(1320,'Нижневартовск (Ханты-Мансийский автономный округ)'),(1321,'Нижнедевицк (Воронежская область)'),(1322,'Нижнекамск (Татарстан)'),(1323,'Нижнеудинск (Иркутская область)'),(1324,'Нижние Серги (Свердловская область)'),(1325,'Нижний Ингаш (Красноярский край)'),(1326,'Нижний Ломов (Пензенская область)'),(1327,'Нижний Новгород (Нижегородская область)'),(1328,'Нижний Тагил (Свердловская область)'),(1329,'Нижний Цасучей (Забайкальский край)'),(1330,'Нижняя Омка (Омская область)'),(1331,'Нижняя Тавда (Тюменская область)'),(1332,'Нижняя Тура (Свердловская область)'),(1333,'Никель (Мурманская область)'),(1334,'Николаевка (Ульяновская область)'),(1335,'Николаевск (Волгоградская область)'),(1336,'Николаевск-на-Амуре (Хабаровский край)'),(1337,'Николо-Березовка (Республика Башкортостан)'),(1338,'Никольск (Вологодская область)'),(1339,'Никольск (Пензенская область)'),(1340,'Никольское (Камчатский край)'),(1341,'Новая Ладога (Ленинградская область)'),(1342,'Новая Ляля (Свердловская область)'),(1343,'Новая Малыкла (Ульяновская область)'),(1344,'Новая Усмань (Воронежская область)'),(1345,'Новинка (Карелия)'),(1346,'Новичиха (Алтайский край)'),(1347,'Новоалександровск (Ставропольский край)'),(1348,'Новоалтайск (Алтайский край)'),(1349,'Новоаннинский (Волгоградская область)'),(1350,'Новобелокатай (Республика Башкортостан)'),(1351,'Новобирилюссы (Красноярский край)'),(1352,'Нововаршавка (Омская область)'),(1353,'Нововоронеж (Воронежская область)'),(1354,'Новодвинск (Архангельская область,Ненецкий автономный округ)'),(1355,'Новодугино (Смоленская область)'),(1356,'Новое Машозеро (Карелия)'),(1357,'Новоегорьевское (Алтайский край)'),(1358,'Новозыбков (Брянская область)'),(1359,'Новокаякент (Республика Дагестан)'),(1360,'Новокубанск (Краснодарский край)'),(1361,'Новокузнецк (Кемеровская область)'),(1362,'Новокуйбышевск (Самарская область)'),(1363,'Новолакское (Республика Дагестан)'),(1364,'Новомичуринск (Рязанская область)'),(1365,'Новомосковск (Тульская область)'),(1366,'Новониколаевский (Волгоградская область)'),(1367,'Новонукутский (Иркутская область)'),(1368,'Новоорск (Оренбургская область)'),(1369,'Новопавловск (Ставропольский край)'),(1370,'Новопокровка (Приморский край)'),(1371,'Новопокровская (Краснодарский край)'),(1372,'Новоржев (Псковская область)'),(1373,'Новороссийск (Краснодарский край)'),(1374,'Новоселицкое (Ставропольский край)'),(1375,'Новоселово (Красноярский край)'),(1376,'Новосергиевка (Оренбургская область)'),(1377,'Новосибирск (Новосибирская область)'),(1378,'Новосиль (Орловская область)'),(1379,'Новосокольники (Псковская область)'),(1380,'Новоспасское (Ульяновская область)'),(1381,'Новотроицк (Оренбургская область)'),(1382,'Новоузенск (Саратовская область)'),(1383,'Новоульяновск (Ульяновская область)'),(1384,'Новоуральск (Свердловская область)'),(1385,'Новохоперск (Воронежская область)'),(1386,'Новочебоксарск (Чувашия)'),(1387,'Новочеркасск (Ростовская область)'),(1388,'Новошахтинск (Ростовская область)'),(1389,'Новошешминск (Татарстан)'),(1390,'Новые Бурасы (Саратовская область)'),(1391,'Новый Некоуз (Ярославская область)'),(1392,'Новый Оскол (Белгородская область)'),(1393,'Новый Торъял (Марий Эл)'),(1394,'Новый Уренгой (Ямало-Ненецкий автономный округ)'),(1395,'Ногинск (Московская область)'),(1396,'Ноглики (Сахалинская область)'),(1397,'Ножай-Юрт (Чеченская Республика)'),(1398,'Нолинск (Кировская область)'),(1399,'Норильск (Красноярский край)'),(1400,'Ноябрьск (Ямало-Ненецкий автономный округ)'),(1401,'Нурлат (Татарстан)'),(1402,'Нытва (Пермский край)'),(1403,'Нюксеница (Вологодская область)'),(1404,'Нюрба (Якутия)'),(1405,'Нюхча (Карелия)'),(1406,'Нягань (Ханты-Мансийский автономный округ)'),(1407,'Нязепетровск (Челябинская область)'),(1408,'Няндома (Архангельская область,Ненецкий автономный округ)'),(1409,'Обливская (Ростовская область)'),(1410,'Облучье (Еврейская автономная область)'),(1411,'Обнинск (Калужская область)'),(1412,'Обоянь (Курская область)'),(1413,'Объячево (Республика Коми)'),(1414,'Обь (Новосибирская область)'),(1415,'Огорелыши (Карелия)'),(1416,'Одесское (Омская область)'),(1417,'Одинцово (Москва и ближнее Подмосковье)'),(1418,'Одоев (Тульская область)'),(1419,'Озеры (Московская область)'),(1420,'Озинки (Саратовская область)'),(1421,'Озёрск (Калининградская область)'),(1422,'Озёрск (Челябинская область)'),(1423,'Оконешниково (Омская область)'),(1424,'Октябрьск (Самарская область)'),(1425,'Октябрьский (Архангельская область,Ненецкий автономный округ)'),(1426,'Октябрьский (Волгоградская область)'),(1427,'Октябрьский (Пермский край)'),(1428,'Октябрьский (Республика Башкортостан)'),(1429,'Октябрьский район (Амурская область)'),(1430,'Октябрьское (Оренбургская область)'),(1431,'Октябрьское (Северная Осетия)'),(1432,'Октябрьское (Ханты-Мансийский автономный округ)'),(1433,'Октябрьское (Челябинская область)'),(1434,'Окуловка (Новгородская область)'),(1435,'Ола (Магаданская область)'),(1436,'Оленегорск (Мурманская область)'),(1437,'Олений (Карелия)'),(1438,'Оленино (Тверская область)'),(1439,'Оленёк (Якутия)'),(1440,'Оловянная (Забайкальский край)'),(1441,'Олонец (Карелия)'),(1442,'Ольга (Приморский край)'),(1443,'Ольховатка (Воронежская область)'),(1444,'Ольховка (Волгоградская область)'),(1445,'Ольхонск (Иркутская область)'),(1446,'Олёкминск (Якутия)'),(1447,'Омск (Омская область)'),(1448,'Омсукчан (Магаданская область)'),(1449,'Омутинское (Тюменская область)'),(1450,'Омутнинск (Кировская область)'),(1451,'Онгудай (Республика Алтай)'),(1452,'Онега (Архангельская область,Ненецкий автономный округ)'),(1453,'Онежский (Карелия)'),(1454,'Опарино (Кировская область)'),(1455,'Опочка (Псковская область)'),(1456,'Орда (Пермский край)'),(1457,'Орджоникидзевская (Республика Ингушетия)'),(1458,'Ордынское (Новосибирская область)'),(1459,'Оренбург (Оренбургская область)'),(1460,'Орехово-Зуево (Московская область)'),(1461,'Оричи (Кировская область)'),(1462,'Орлик (Бурятия)'),(1463,'Орлов (Кировская область)'),(1464,'Орловский (Ростовская область)'),(1465,'Орловский район (Орловская область)'),(1466,'Орск (Оренбургская область)'),(1467,'Оршанка (Марий Эл)'),(1468,'Орёл (Орловская область)'),(1469,'Оса (Иркутская область)'),(1470,'Оса (Пермский край)'),(1471,'Осинники (Кемеровская область)'),(1472,'Оссора (Камчатский край)'),(1473,'Осташков (Тверская область)'),(1474,'Остров (Псковская область)'),(1475,'Островной (Мурманская область)'),(1476,'Островское (Костромская область)'),(1477,'Острогожск (Воронежская область)'),(1478,'Отрадная (Краснодарский край)'),(1479,'Отрадный (Самарская область)'),(1480,'Оха (Сахалинская область)'),(1481,'Оханск (Пермский край)'),(1482,'Охотск (Хабаровский край)'),(1483,'Очамчыра (Абхазия)'),(1484,'Очер (Пермский край)'),(1485,'Павино (Костромская область)'),(1486,'Павловка (Ульяновская область)'),(1487,'Павлово (Нижегородская область)'),(1488,'Павловск (Алтайский край)'),(1489,'Павловск (Воронежская область)'),(1490,'Павловская (Краснодарский край)'),(1491,'Павловский Посад (Московская область)'),(1492,'Павлоградка (Омская область)'),(1493,'Паданы (Карелия)'),(1494,'Палана (Камчатский край)'),(1495,'Палатка (Магаданская область)'),(1496,'Палех (Ивановская область)'),(1497,'Палкино (Псковская область)'),(1498,'Палласовка (Волгоградская область)'),(1499,'Панино (Воронежская область)'),(1500,'Панкрушиха (Алтайский край)'),(1501,'Панозеро (Карелия)'),(1502,'Парабель (Томская область)'),(1503,'Параньга (Марий Эл)'),(1504,'Партизанск (Приморский край)'),(1505,'Партизанское (Красноярский край)'),(1506,'Парфеньево (Костромская область)'),(1507,'Парфино (Новгородская область)'),(1508,'Пачелма (Пензенская область)'),(1509,'Певек (Чукотский автономный округ)'),(1510,'Пенза (Пензенская область)'),(1511,'Пенинга (Карелия)'),(1512,'Пено (Тверская область)'),(1513,'Первомайск (Нижегородская область)'),(1514,'Первомайский (Забайкальский край)'),(1515,'Первомайский (Оренбургская область)'),(1516,'Первомайский (Тамбовская область)'),(1517,'Первомайское (Томская область)'),(1518,'Первоуральск (Свердловская область)'),(1519,'Перевоз (Нижегородская область)'),(1520,'Переволоцкий (Оренбургская область)'),(1521,'Перелюб (Саратовская область)'),(1522,'Перемышль (Калужская область)'),(1523,'Переславль-Залесский (Ярославская область)'),(1524,'Переяславка (Хабаровский край)'),(1525,'Пермь (Пермский край)'),(1526,'Пертозеро (Карелия)'),(1527,'Пестово (Новгородская область)'),(1528,'Пестравка (Самарская область)'),(1529,'Пестрецы (Татарстан)'),(1530,'Пестяки (Ивановская область)'),(1531,'Песчанокопское (Ростовская область)'),(1532,'Петровск (Саратовская область)'),(1533,'Петровск-Забайкальский (Забайкальский край)'),(1534,'Петровское (Тамбовская область)'),(1535,'Петрозаводск (Карелия)'),(1536,'Петропавловка (Бурятия)'),(1537,'Петропавловка (Воронежская область)'),(1538,'Петропавловск-Камчатский (Камчатский край)'),(1539,'Петропавловское (Алтайский край)'),(1540,'Петухово (Курганская область)'),(1541,'Петушки (Владимирская область)'),(1542,'Печора (Республика Коми)'),(1543,'Печоры (Псковская область)'),(1544,'Пижанка (Кировская область)'),(1545,'Пийтсиёки (Карелия)'),(1546,'Пикалёво (Ленинградская область)'),(1547,'Пильна (Нижегородская область)'),(1548,'Пиндуши (Карелия)'),(1549,'Пионерский (Калининградская область)'),(1550,'Пировское (Красноярский край)'),(1551,'Пителино (Рязанская область)'),(1552,'Питерка (Саратовская область)'),(1553,'Питкяранта (Карелия)'),(1554,'Пичаево (Тамбовская область)'),(1555,'Плавск (Тульская область)'),(1556,'Пласт (Челябинская область)'),(1557,'Плесецк (Архангельская область,Ненецкий автономный округ)'),(1558,'Плешаново (Оренбургская область)'),(1559,'Плотина (Карелия)'),(1560,'Плюсса (Псковская область)'),(1561,'Повенец (Карелия)'),(1562,'Поворино (Воронежская область)'),(1563,'Погар (Брянская область)'),(1564,'Пограничный (Приморский край)'),(1565,'Подгоренский (Воронежская область)'),(1566,'Подгорное (Томская область)'),(1567,'Поддорье (Новгородская область)'),(1568,'Подольск (Московская область)'),(1569,'Подосиновец (Кировская область)'),(1570,'Подпорожье (Карелия)'),(1571,'Подпорожье (Ленинградская область)'),(1572,'Покров (Владимирская область)'),(1573,'Покровка (Приморский край)'),(1574,'Покровск (Якутия)'),(1575,'Покровское (Орловская область)'),(1576,'Покровское (Ростовская область)'),(1577,'Полга (Карелия)'),(1578,'Полевской (Свердловская область)'),(1579,'Полесск (Калининградская область)'),(1580,'Половинное (Курганская область)'),(1581,'Полтавка (Омская область)'),(1582,'Полтавская (Краснодарский край)'),(1583,'Полярные Зори (Мурманская область)'),(1584,'Полярный (Мурманская область)'),(1585,'Поназырево (Костромская область)'),(1586,'Пономаревка (Оренбургская область)'),(1587,'Поныри (Курская область)'),(1588,'Поньгома (Карелия)'),(1589,'Попов Порог (Карелия)'),(1590,'Порецкое (Чувашия)'),(1591,'Поронайск (Сахалинская область)'),(1592,'Поросозеро (Карелия)'),(1593,'Порт Восточный (Приморский край)'),(1594,'Порхов (Псковская область)'),(1595,'Поселок Володарского (Москва и ближнее Подмосковье)'),(1596,'Поселок совхоза им. Ленина (Москва и ближнее Подмосковье)'),(1597,'Поспелиха (Алтайский край)'),(1598,'Похвистнево (Самарская область)'),(1599,'Почеп (Брянская область)'),(1600,'Починки (Нижегородская область)'),(1601,'Починок (Смоленская область)'),(1602,'Пошехонье (Ярославская область)'),(1603,'Правдинск (Калининградская область)'),(1604,'Преградная (Республика Карачаево-Черкесия)'),(1605,'Преображенская (Волгоградская область)'),(1606,'Пречистое (Ярославская область)'),(1607,'Приаргунск (Забайкальский край)'),(1608,'Приволжск (Ивановская область)'),(1609,'Приволжье (Самарская область)'),(1610,'Приморск (Ленинградская область)'),(1611,'Приморско-Ахтарск (Краснодарский край)'),(1612,'Приозерск (Ленинградская область)'),(1613,'Приречный (Карелия)'),(1614,'Пристень (Курская область)'),(1615,'Приютное (Калмыкия)'),(1616,'Провидения (Чукотский автономный округ)'),(1617,'Прокопьевск (Кемеровская область)'),(1618,'Пролетарск (Ростовская область)'),(1619,'Промышленная (Кемеровская область)'),(1620,'Пронск (Рязанская область)'),(1621,'Прохладный (Кабардино-Балкария)'),(1622,'Прохоровка (Белгородская область)'),(1623,'Пряжа (Карелия)'),(1624,'Прямицыно (Курская область)'),(1625,'Псков (Псковская область)'),(1626,'Пугачёв (Саратовская область)'),(1627,'Пудож (Карелия)'),(1628,'Пуйккола (Карелия)'),(1629,'Пустошка (Псковская область)'),(1630,'Путятино (Рязанская область)'),(1631,'Пучеж (Ивановская область)'),(1632,'Пушкино (Московская область)'),(1633,'Пушкинские Горы (Псковская область)'),(1634,'Пушной (Карелия)'),(1635,'Пыталово (Псковская область)'),(1636,'Пыть-Ях (Ханты-Мансийский автономный округ)'),(1637,'Пышма (Свердловская область)'),(1638,'Пыщуг (Костромская область)'),(1639,'Пяльма (Карелия)'),(1640,'Пяозерский (Карелия)'),(1641,'Пятигорск (Ставропольский край)'),(1642,'Рабочеостровск (Карелия)'),(1643,'Рагнукса (Карелия)'),(1644,'Радищево (Ульяновская область)'),(1645,'Радужный (Владимирская область)'),(1646,'Радужный (Ханты-Мансийский автономный округ)'),(1647,'Раевский (Республика Башкортостан)'),(1648,'Развилка (Лесопарковый защитный пояс Москвы)'),(1649,'Развилка (Москва и ближнее Подмосковье)'),(1650,'Раздольное (Приморский край)'),(1651,'Райконкоски (Карелия)'),(1652,'Райчихинск (Амурская область)'),(1653,'Ракитное (Белгородская область)'),(1654,'Раменское (Московская область)'),(1655,'Рамешки (Тверская область)'),(1656,'Рамонь (Воронежская область)'),(1657,'Рассказово (Тамбовская область)'),(1658,'Рауталахти (Карелия)'),(1659,'Реболы (Карелия)'),(1660,'Ребриха (Алтайский край)'),(1661,'Ревда (Свердловская область)'),(1662,'Реж (Свердловская область)'),(1663,'Ремонтное (Ростовская область)'),(1664,'Репьевка (Воронежская область)'),(1665,'Реутов (Москва и ближнее Подмосковье)'),(1666,'Речная Сельга (Карелия)'),(1667,'Ржакса (Тамбовская область)'),(1668,'Ржев (Тверская область)'),(1669,'Ригозеро (Карелия)'),(1670,'Ровеньки (Белгородская область)'),(1671,'Ровное (Саратовская область)'),(1672,'Рогнедино (Брянская область)'),(1673,'Родино (Алтайский край)'),(1674,'Родионово-Несветайская (Ростовская область)'),(1675,'Родники (Ивановская область)'),(1676,'Романовка (Саратовская область)'),(1677,'Романово (Алтайский край)'),(1678,'Романовская (Ростовская область)'),(1679,'Ромненский район (Амурская область)'),(1680,'Ромоданово (Мордовия)'),(1681,'Рославль (Смоленская область)'),(1682,'Россошь (Воронежская область)'),(1683,'Ростов (Ярославская область)'),(1684,'Ростов-на-Дону (Ростовская область)'),(1685,'Ртищево (Саратовская область)'),(1686,'Рубцовск (Алтайский край)'),(1687,'Рудня (Волгоградская область)'),(1688,'Рудня (Смоленская область)'),(1689,'Руза (Московская область)'),(1690,'Рузаевка (Мордовия)'),(1691,'Рускеала (Карелия)'),(1692,'Русская Поляна (Омская область)'),(1693,'Русский Камешкир (Пензенская область)'),(1694,'Рутул (Республика Дагестан)'),(1695,'Рыбинск (Ярославская область)'),(1696,'Рыбная Слобода (Татарстан)'),(1697,'Рыбное (Рязанская область)'),(1698,'Рыльск (Курская область)'),(1699,'Рыпушкалица (Карелия)'),(1700,'Ряжск (Рязанская область)'),(1701,'Рязань (Рязанская область)'),(1702,'Ряймяля (Карелия)'),(1703,'Савино (Ивановская область)'),(1704,'Савиново (Карелия)'),(1705,'Садовое (Калмыкия)'),(1706,'Саки (Республика Крым)'),(1707,'Сакмара (Оренбургская область)'),(1708,'Салават (Республика Башкортостан)'),(1709,'Салехард (Ямало-Ненецкий автономный округ)'),(1710,'Салми (Карелия)'),(1711,'Сальск (Ростовская область)'),(1712,'Самагалтай (Республика Тыва)'),(1713,'Самара (Самарская область)'),(1714,'Самойловка (Саратовская область)'),(1715,'Сангар (Якутия)'),(1716,'Сандово (Тверская область)'),(1717,'Санкт-Петербург'),(1718,'Санчурск (Кировская область)'),(1719,'Сапожок (Рязанская область)'),(1720,'Сараи (Рязанская область)'),(1721,'Саракташ (Оренбургская область)'),(1722,'Саранск (Мордовия)'),(1723,'Сарапул (Удмуртская Республика)'),(1724,'Саратов (Саратовская область)'),(1725,'Саргатское (Омская область)'),(1726,'Сарманово (Татарстан)'),(1727,'Саров (Нижегородская область)'),(1728,'Сарыг-Сеп (Республика Тыва)'),(1729,'Саскылах (Якутия)'),(1730,'Сасово (Рязанская область)'),(1731,'Сатинка (Тамбовская область)'),(1732,'Сатка (Челябинская область)'),(1733,'Сафакулево (Курганская область)'),(1734,'Сафоново (Смоленская область)'),(1735,'Саяногорск (Хакасия)'),(1736,'Саянск (Иркутская область)'),(1737,'Светлогорск (Калининградская область)'),(1738,'Светлоград (Ставропольский край)'),(1739,'Светлый (Калининградская область)'),(1740,'Светлый (Оренбургская область)'),(1741,'Светлый Яр (Волгоградская область)'),(1742,'Светогорск (Ленинградская область)'),(1743,'Свеча (Кировская область)'),(1744,'Свободненский район (Амурская область)'),(1745,'Святозеро (Карелия)'),(1746,'Себеж (Псковская область)'),(1747,'Севастополь (Республика Крым)'),(1748,'Северное (Новосибирская область)'),(1749,'Северное (Оренбургская область)'),(1750,'Северо-Енисейский (Красноярский край)'),(1751,'Северо-Курильск (Сахалинская область)'),(1752,'Северобайкальск (Бурятия)'),(1753,'Северодвинск (Архангельская область,Ненецкий автономный округ)'),(1754,'Североморск (Мурманская область)'),(1755,'Североуральск (Свердловская область)'),(1756,'Северск (Томская область)'),(1757,'Северская (Краснодарский край)'),(1758,'Севск (Брянская область)'),(1759,'Сегежа (Карелия)'),(1760,'Седельниково (Омская область)'),(1761,'Сеймчан (Магаданская область)'),(1762,'Селемджинский район (Амурская область)'),(1763,'Селижарово (Тверская область)'),(1764,'Село имени Бабушкина (Вологодская область)'),(1765,'Селты (Удмуртская Республика)'),(1766,'Сельцо (Брянская область)'),(1767,'Семикаракорск (Ростовская область)'),(1768,'Семилуки (Воронежская область)'),(1769,'Семилукский район (Воронежская область)'),(1770,'Семёнов (Нижегородская область)'),(1771,'Семёново (Карелия)'),(1772,'Сенгилей (Ульяновская область)'),(1773,'Сенная Губа (Карелия)'),(1774,'Серафимович (Волгоградская область)'),(1775,'Сергач (Нижегородская область)'),(1776,'Сергиев Посад (Московская область)'),(1777,'Сергиево (Карелия)'),(1778,'Сергиевск (Самарская область)'),(1779,'Сергокала (Республика Дагестан)'),(1780,'Сердобск (Пензенская область)'),(1781,'Серебряные Пруды (Московская область)'),(1782,'Серноводск (Чеченская Республика)'),(1783,'Сернур (Марий Эл)'),(1784,'Серов (Свердловская область)'),(1785,'Серпухов (Московская область)'),(1786,'Серышевский район (Амурская область)'),(1787,'Сеченово (Нижегородская область)'),(1788,'Сибай (Республика Башкортостан)'),(1789,'Сива (Пермский край)'),(1790,'Симферополь (Республика Крым)'),(1791,'Сковородинский район (Амурская область)'),(1792,'Скопин (Рязанская область)'),(1793,'Славгород (Алтайский край)'),(1794,'Славск (Калининградская область)'),(1795,'Славянка (Приморский край)'),(1796,'Славянск-на-Кубани (Краснодарский край)'),(1797,'Сладково (Тюменская область)'),(1798,'Сланцы (Ленинградская область)'),(1799,'Слободской (Кировская область)'),(1800,'Слюдянка (Иркутская область)'),(1801,'Смидович (Еврейская автономная область)'),(1802,'Смирных (Сахалинская область)'),(1803,'Смоленск (Смоленская область)'),(1804,'Смоленское (Алтайский край)'),(1805,'Снежинск (Челябинская область)'),(1806,'Снежногорск (Красноярский край)'),(1807,'Снежногорск (Мурманская область)'),(1808,'Собинка (Владимирская область)'),(1809,'Соболево (Камчатский край)'),(1810,'Советск (Калининградская область)'),(1811,'Советск (Кировская область)'),(1812,'Советская (Ростовская область)'),(1813,'Советская Гавань (Хабаровский край)'),(1814,'Советский (Марий Эл)'),(1815,'Советский (Ханты-Мансийский автономный округ)'),(1816,'Советское (Алтайский край)'),(1817,'Соддер (Карелия)'),(1818,'Сокол (Вологодская область)'),(1819,'Сокол (Карелия)'),(1820,'Сокольское (Нижегородская область)'),(1821,'Солигалич (Костромская область)'),(1822,'Соликамск (Пермский край)'),(1823,'Солнечногорск (Московская область)'),(1824,'Солнечный (Хабаровский край)'),(1825,'Солнечный (Якутия)'),(1826,'Солнцево (Курская область)'),(1827,'Соловецкий (Архангельская область,Ненецкий автономный округ)'),(1828,'Солонешное (Алтайский край)'),(1829,'Солотча (Рязанская область)'),(1830,'Солтон (Алтайский край)'),(1831,'Соль-Илецк (Оренбургская область)'),(1832,'Сольцы (Новгородская область)'),(1833,'Сонково (Тверская область)'),(1834,'Сорочинск (Оренбургская область)'),(1835,'Сорск (Хакасия)'),(1836,'Сортавала (Карелия)'),(1837,'Сосково (Орловская область)'),(1838,'Сосновец (Карелия)'),(1839,'Сосновка (Карелия)'),(1840,'Сосновка (Тамбовская область)'),(1841,'Сосново-Озёрское (Бурятия)'),(1842,'Сосновоборск (Красноярский край)'),(1843,'Сосновоборск (Пензенская область)'),(1844,'Сосновское (Нижегородская область)'),(1845,'Сосновый (Карелия)'),(1846,'Сосновый Бор (Ленинградская область)'),(1847,'Сосногорск (Республика Коми)'),(1848,'Софпорог (Карелия)'),(1849,'Сочи (Краснодарский край)'),(1850,'Спас-Деменск (Калужская область)'),(1851,'Спас-Клепики (Рязанская область)'),(1852,'Спасск (Пензенская область)'),(1853,'Спасск-Дальний (Приморский край)'),(1854,'Спасск-Рязанский (Рязанская область)'),(1855,'Спасская Губа (Карелия)'),(1856,'Спасское (Нижегородская область)'),(1857,'Спирово (Тверская область)'),(1858,'Среднеколымск (Якутия)'),(1859,'Средняя Ахтуба (Волгоградская область)'),(1860,'Сретенск (Забайкальский край)'),(1861,'Ставрополь (Ставропольский край)'),(1862,'Становое (Липецкая область)'),(1863,'Старая Кулатка (Ульяновская область)'),(1864,'Старая Майна (Ульяновская область)'),(1865,'Старая Полтавка (Волгоградская область)'),(1866,'Старая Русса (Новгородская область)'),(1867,'Старица (Тверская область)'),(1868,'Староалейское (Алтайский край)'),(1869,'Старобалтачево (Республика Башкортостан)'),(1870,'Стародуб (Брянская область)'),(1871,'Старое Дрожжаное (Татарстан)'),(1872,'Старое Шайгово (Мордовия)'),(1873,'Старожилово (Рязанская область)'),(1874,'Староминская (Краснодарский край)'),(1875,'Старосубхангулово (Республика Башкортостан)'),(1876,'Старощербиновская (Краснодарский край)'),(1877,'Староюрьево (Тамбовская область)'),(1878,'Старые Атаги (Чеченская Республика)'),(1879,'Старый Оскол (Белгородская область)'),(1880,'Степное (Саратовская область)'),(1881,'Степное (Ставропольский край)'),(1882,'Стерлибашево (Республика Башкортостан)'),(1883,'Стерлитамак (Республика Башкортостан)'),(1884,'Стрежевой (Томская область)'),(1885,'Строитель (Белгородская область)'),(1886,'Струги Красные (Псковская область)'),(1887,'Ступино (Московская область)'),(1888,'Суворов (Тульская область)'),(1889,'Суг-Аксы (Республика Тыва)'),(1890,'Суджа (Курская область)'),(1891,'Судиславль (Костромская область)'),(1892,'Судогда (Владимирская область)'),(1893,'Суздаль (Владимирская область)'),(1894,'Суземка (Брянская область)'),(1895,'Сузун (Новосибирская область)'),(1896,'Суйстамо (Карелия)'),(1897,'Суккозеро (Карелия)'),(1898,'Суксун (Пермский край)'),(1899,'Сумский Посад (Карелия)'),(1900,'Суна (Карелия)'),(1901,'Суна (Кировская область)'),(1902,'Сунтар (Якутия)'),(1903,'Суоярви (Карелия)'),(1904,'Суоёки (Карелия)'),(1905,'Сураж (Брянская область)'),(1906,'Сургут (Ханты-Мансийский автономный округ)'),(1907,'Суровикино (Волгоградская область)'),(1908,'Сурское (Ульяновская область)'),(1909,'Сусанино (Костромская область)'),(1910,'Сусуман (Магаданская область)'),(1911,'Сухиничи (Калужская область)'),(1912,'Сухобузимское (Красноярский край)'),(1913,'Сухой Лог (Свердловская область)'),(1914,'Сухум (Абхазия)'),(1915,'Сызрань (Самарская область)'),(1916,'Сыктывкар (Республика Коми)'),(1917,'Сысерть (Свердловская область)'),(1918,'Сычевка (Смоленская область)'),(1919,'Сюмси (Удмуртская Республика)'),(1920,'Сямжа (Вологодская область)'),(1921,'Сяндеба (Карелия)'),(1922,'Сяпся (Карелия)'),(1923,'Сясьстрой (Ленинградская область)'),(1924,'Таборы (Свердловская область)'),(1925,'Табуны (Алтайский край)'),(1926,'Тавда (Свердловская область)'),(1927,'Таврическое (Омская область)'),(1928,'Таганрог (Ростовская область)'),(1929,'Тазовский (Ямало-Ненецкий автономный округ)'),(1930,'Тайга (Кемеровская область)'),(1931,'Тайшет (Иркутская область)'),(1932,'Таксимо (Бурятия)'),(1933,'Талдом (Московская область)'),(1934,'Талица (Свердловская область)'),(1935,'Таловая (Воронежская область)'),(1936,'Тальменка (Алтайский край)'),(1937,'Тамала (Пензенская область)'),(1938,'Тамбов (Тамбовская область)'),(1939,'Тамбовский район (Амурская область)'),(1940,'Тара (Омская область)'),(1941,'Тарасовский (Ростовская область)'),(1942,'Тарбагатай (Бурятия)'),(1943,'Тарко-Сале (Ямало-Ненецкий автономный округ)'),(1944,'Тарногский Городок (Вологодская область)'),(1945,'Тарумовка (Республика Дагестан)'),(1946,'Таруса (Калужская область)'),(1947,'Тасеево (Красноярский край)'),(1948,'Татарск (Новосибирская область)'),(1949,'Татищево (Саратовская область)'),(1950,'Тахтамукай (Республика Адыгея)'),(1951,'Тацинская (Ростовская область)'),(1952,'Ташла (Оренбургская область)'),(1953,'Таштагол (Кемеровская область)'),(1954,'Таштып (Хакасия)'),(1955,'Тбилисская (Краснодарский край)'),(1956,'Тверь (Тверская область)'),(1957,'Теберда (Республика Карачаево-Черкесия)'),(1958,'Тевриз (Омская область)'),(1959,'Тегульдет (Томская область)'),(1960,'Тейково (Ивановская область)'),(1961,'Темников (Мордовия)'),(1962,'Темрюк (Краснодарский край)'),(1963,'Теньгушево (Мордовия)'),(1964,'Тербуны (Липецкая область)'),(1965,'Терек (Кабардино-Балкария)'),(1966,'Терекли-Мектеб (Республика Дагестан)'),(1967,'Тереньга (Ульяновская область)'),(1968,'Терней (Приморский край)'),(1969,'Терновка (Воронежская область)'),(1970,'Тетюши (Татарстан)'),(1971,'Тивдия (Карелия)'),(1972,'Тигиль (Камчатский край)'),(1973,'Тикси (Якутия)'),(1974,'Тикша (Карелия)'),(1975,'Тиличики (Камчатский край)'),(1976,'Тим (Курская область)'),(1977,'Тимашёвск (Краснодарский край)'),(1978,'Тисуль (Кемеровская область)'),(1979,'Тихвин (Ленинградская область)'),(1980,'Тихорецк (Краснодарский край)'),(1981,'Ткуарчал (Абхазия)'),(1982,'Тлярата (Республика Дагестан)'),(1983,'Тобольск (Тюменская область)'),(1984,'Тогул (Алтайский край)'),(1985,'Тогучин (Новосибирская область)'),(1986,'Тойвола (Карелия)'),(1987,'Токарёвка (Тамбовская область)'),(1988,'Токсово (Ленинградская область)'),(1989,'Толбазы (Республика Башкортостан)'),(1990,'Толвуя (Карелия)'),(1991,'Толстой-Юрт (Чеченская Республика)'),(1992,'Тольятти (Самарская область)'),(1993,'Томари (Сахалинская область)'),(1994,'Томск (Томская область)'),(1995,'Тонкино (Нижегородская область)'),(1996,'Тоншаево (Нижегородская область)'),(1997,'Тоора-Хем (Республика Тыва)'),(1998,'Топки (Кемеровская область)'),(1999,'Топчиха (Алтайский край)'),(2000,'Торбеево (Мордовия)'),(2001,'Торжок (Тверская область)'),(2002,'Торопец (Тверская область)'),(2003,'Тосно (Ленинградская область)'),(2004,'Тотьма (Вологодская область)'),(2005,'Тоцкое (Оренбургская область)'),(2006,'Тпиг (Республика Дагестан)'),(2007,'Троицк (Челябинская область)'),(2008,'Троицко-Печорск (Республика Коми)'),(2009,'Троицкое (Алтайский край)'),(2010,'Троицкое (Калмыкия)'),(2011,'Троицкое (Хабаровский край)'),(2012,'Тросна (Орловская область)'),(2013,'Трубчевск (Брянская область)'),(2014,'Трёхгорный (Челябинская область)'),(2015,'Туапсе (Краснодарский край)'),(2016,'Тугулым (Свердловская область)'),(2017,'Тужа (Кировская область)'),(2018,'Туймазы (Республика Башкортостан)'),(2019,'Тукса (Карелия)'),(2020,'Тула (Тульская область)'),(2021,'Тулокса (Карелия)'),(2022,'Тулун (Иркутская область)'),(2023,'Тульский (Республика Адыгея)'),(2024,'Тунгозеро (Карелия)'),(2025,'Тунгуза (Карелия)'),(2026,'Тура (Красноярский край)'),(2027,'Туран (Республика Тыва)'),(2028,'Туринск (Свердловская область)'),(2029,'Туринская Слобода (Свердловская область)'),(2030,'Турки (Саратовская область)'),(2031,'Турочак (Республика Алтай)'),(2032,'Турунтаево (Бурятия)'),(2033,'Туруханск (Красноярский край)'),(2034,'Тутаев (Ярославская область)'),(2035,'Тымовское (Сахалинская область)'),(2036,'Тындинский район (Амурская область)'),(2037,'Тырныауз (Кабардино-Балкария)'),(2038,'Тэдино (Карелия)'),(2039,'Тээли (Республика Тыва)'),(2040,'Тюкалинск (Омская область)'),(2041,'Тюльган (Оренбургская область)'),(2042,'Тюлячи (Татарстан)'),(2043,'Тюменцево (Алтайский край)'),(2044,'Тюмень (Тюменская область)'),(2045,'Тюхтет (Красноярский край)'),(2046,'Тяжинский (Кемеровская область)'),(2047,'Тёмкино (Смоленская область)'),(2048,'Тёплое (Тульская область)'),(2049,'Убинское (Новосибирская область)'),(2050,'Ува (Удмуртская Республика)'),(2051,'Уварово (Тамбовская область)'),(2052,'Уват (Тюменская область)'),(2053,'Увельский (Челябинская область)'),(2054,'Углегорск (Сахалинская область)'),(2055,'Углич (Ярославская область)'),(2056,'Угловское (Алтайский край)'),(2057,'Угольные Копи (Чукотский автономный округ)'),(2058,'Угра (Смоленская область)'),(2059,'Удомля (Тверская область)'),(2060,'Ужур (Красноярский край)'),(2061,'Узловая (Тульская область)'),(2062,'Уинское (Пермский край)'),(2063,'Уйское (Челябинская область)'),(2064,'Улан-Удэ (Бурятия)'),(2065,'Ульяново (Калужская область)'),(2066,'Ульяновск (Ульяновская область)'),(2067,'Улёты (Забайкальский край)'),(2068,'Умба (Мурманская область)'),(2069,'Умёт (Тамбовская область)'),(2070,'Унеча (Брянская область)'),(2071,'Уни (Кировская область)'),(2072,'Унцукуль (Республика Дагестан)'),(2073,'Упорово (Тюменская область)'),(2074,'Уразовка (Нижегородская область)'),(2075,'Урай (Ханты-Мансийский автономный округ)'),(2076,'Уренгой (Ямало-Ненецкий автономный округ)'),(2077,'Урень (Нижегородская область)'),(2078,'Уржум (Кировская область)'),(2079,'Уркарах (Республика Дагестан)'),(2080,'Урмары (Чувашия)'),(2081,'Урус-Мартан (Чеченская Республика)'),(2082,'Уруссу (Татарстан)'),(2083,'Урюпинск (Волгоградская область)'),(2084,'Усвяты (Псковская область)'),(2085,'Усинск (Республика Коми)'),(2086,'Усмань (Липецкая область)'),(2087,'Усогорск (Республика Коми)'),(2088,'Усолье (Пермский край)'),(2089,'Усолье-Сибирское (Иркутская область)'),(2090,'Успенское (Краснодарский край)'),(2091,'Уссурийск (Приморский край)'),(2092,'Усть-Абакан (Хакасия)'),(2093,'Усть-Большерецк (Камчатский край)'),(2094,'Усть-Джегута (Республика Карачаево-Черкесия)'),(2095,'Усть-Донецкий (Ростовская область)'),(2096,'Усть-Илимск (Иркутская область)'),(2097,'Усть-Ишим (Омская область)'),(2098,'Усть-Калманка (Алтайский край)'),(2099,'Усть-Камчатск (Камчатский край)'),(2100,'Усть-Кан (Республика Алтай)'),(2101,'Усть-Катав (Челябинская область)'),(2102,'Усть-Кишерть (Пермский край)'),(2103,'Усть-Кокса (Республика Алтай)'),(2104,'Усть-Кулом (Республика Коми)'),(2105,'Усть-Кут (Иркутская область)'),(2106,'Усть-Лабинск (Краснодарский край)'),(2107,'Усть-Мая (Якутия)'),(2108,'Усть-Нера (Якутия)'),(2109,'Усть-Омчуг (Магаданская область)'),(2110,'Усть-Ордынский (Иркутская область)'),(2111,'Усть-Тарка (Новосибирская область)'),(2112,'Усть-Уда (Иркутская область)'),(2113,'Усть-Хайрюзово (Камчатский край)'),(2114,'Усть-Цильма (Республика Коми)'),(2115,'Усть-Чарышская Пристань (Алтайский край)'),(2116,'Устье (Вологодская область)'),(2117,'Устюжна (Вологодская область)'),(2118,'Уукса (Карелия)'),(2119,'Уфа (Республика Башкортостан)'),(2120,'Ухолово (Рязанская область)'),(2121,'Ухта (Республика Коми)'),(2122,'Учалы (Республика Башкортостан)'),(2123,'Учкекен (Республика Карачаево-Черкесия)'),(2124,'Уяр (Красноярский край)'),(2125,'Фаленки (Кировская область)'),(2126,'Фатеж (Курская область)'),(2127,'Феодосия (Республика Крым)'),(2128,'Ферзиково (Калужская область)'),(2129,'Фершампенуаз (Челябинская область)'),(2130,'Фирово (Тверская область)'),(2131,'Фокино (Брянская область)'),(2132,'Фокино (Приморский край)'),(2133,'Фролово (Волгоградская область)'),(2134,'Фурманов (Ивановская область)'),(2135,'Фёдоровка (Республика Башкортостан)'),(2136,'Хаапалампи (Карелия)'),(2137,'Хабаровск (Хабаровский край)'),(2138,'Хабары (Алтайский край)'),(2139,'Хабез (Республика Карачаево-Черкесия)'),(2140,'Хакуринохабль (Республика Адыгея)'),(2141,'Хандагайты (Республика Тыва)'),(2142,'Хандыга (Якутия)'),(2143,'Ханты-Мансийск (Ханты-Мансийский автономный округ)'),(2144,'Харабали (Астраханская область)'),(2145,'Харлу (Карелия)'),(2146,'Харовск (Вологодская область)'),(2147,'Харп (Ямало-Ненецкий автономный округ)'),(2148,'Хасавюрт (Республика Дагестан)'),(2149,'Хатанга (Красноярский край)'),(2150,'Хаутоваара (Карелия)'),(2151,'Хвалынск (Саратовская область)'),(2152,'Хвастовичи (Калужская область)'),(2153,'Хвойная (Новгородская область)'),(2154,'Хвойный (Карелия)'),(2155,'Хворостянка (Самарская область)'),(2156,'Хебда (Республика Дагестан)'),(2157,'Хелюля (Карелия)'),(2158,'Хив (Республика Дагестан)'),(2159,'Хийденсельга (Карелия)'),(2160,'Хийтола (Карелия)'),(2161,'Хилок (Забайкальский край)'),(2162,'Химки (Москва и ближнее Подмосковье)'),(2163,'Хиславичи (Смоленская область)'),(2164,'Хлевное (Липецкая область)'),(2165,'Холм (Новгородская область)'),(2166,'Холм-Жирковский (Смоленская область)'),(2167,'Холмогоры (Архангельская область,Ненецкий автономный округ)'),(2168,'Холмск (Сахалинская область)'),(2169,'Хомутовка (Курская область)'),(2170,'Хомутово (Орловская область)'),(2171,'Хонуу (Якутия)'),(2172,'Хоринск (Бурятия)'),(2173,'Хороль (Приморский край)'),(2174,'Хоста (Краснодарский край)'),(2175,'Хотынец (Орловская область)'),(2176,'Хохольский (Воронежская область)'),(2177,'Хунзах (Республика Дагестан)'),(2178,'Хучни (Республика Дагестан)'),(2179,'Хюмпеля (Карелия)'),(2180,'Цаган Аман (Калмыкия)'),(2181,'Целина (Ростовская область)'),(2182,'Целинное (Алтайский край)'),(2183,'Целинное (Курганская область)'),(2184,'Цивильск (Чувашия)'),(2185,'Цимлянск (Ростовская область)'),(2186,'Цуриб (Республика Дагестан)'),(2187,'Чагода (Вологодская область)'),(2188,'Чадан (Республика Тыва)'),(2189,'Чайковский (Пермский край)'),(2190,'Чална (Карелия)'),(2191,'Чалтырь (Ростовская область)'),(2192,'Чамзинка (Мордовия)'),(2193,'Чаны (Новосибирская область)'),(2194,'Чапаевск (Самарская область)'),(2195,'Чаплыгин (Липецкая область)'),(2196,'Чара (Забайкальский край)'),(2197,'Чарышское (Алтайский край)'),(2198,'Частоозерье (Курганская область)'),(2199,'Частые (Пермский край)'),(2200,'Чебаркуль (Челябинская область)'),(2201,'Чебино (Карелия)'),(2202,'Чебоксары (Чувашия)'),(2203,'Чегдомын (Хабаровский край)'),(2204,'Чегем (Кабардино-Балкария)'),(2205,'Чекмагуш (Республика Башкортостан)'),(2206,'Челмужи (Карелия)'),(2207,'Челно-Вершины (Самарская область)'),(2208,'Челябинск (Челябинская область)'),(2209,'Чемал (Республика Алтай)'),(2210,'Чердаклы (Ульяновская область)'),(2211,'Чердынь (Пермский край)'),(2212,'Черемисиново (Курская область)'),(2213,'Черемхово (Иркутская область)'),(2214,'Черемшан (Татарстан)'),(2215,'Черепаново (Новосибирская область)'),(2216,'Череповец (Вологодская область)'),(2217,'Черкесск (Республика Карачаево-Черкесия)'),(2218,'Черлак (Омская область)'),(2219,'Черниговка (Приморский край)'),(2220,'Черноголовка (Московская область)'),(2221,'Черногорск (Хакасия)'),(2222,'Чернушка (Пермский край)'),(2223,'Черный Порог (Карелия)'),(2224,'Чернышевск (Забайкальский край)'),(2225,'Чернышковский (Волгоградская область)'),(2226,'Чернь (Тульская область)'),(2227,'Чернянка (Белгородская область)'),(2228,'Черняховск (Калининградская область)'),(2229,'Черский (Якутия)'),(2230,'Чертково (Ростовская область)'),(2231,'Чесма (Челябинская область)'),(2232,'Чехов (Московская область)'),(2233,'Чикола (Северная Осетия)'),(2234,'Чистоозерное (Новосибирская область)'),(2235,'Чистополь (Татарстан)'),(2236,'Чита (Забайкальский край)'),(2237,'Чишмы (Республика Башкортостан)'),(2238,'Чкаловск (Нижегородская область)'),(2239,'Чкаловский (Карелия)'),(2240,'Чокурдах (Якутия)'),(2241,'Чоя (Республика Алтай)'),(2242,'Чугуевка (Приморский край)'),(2243,'Чудово (Новгородская область)'),(2244,'Чулым (Новосибирская область)'),(2245,'Чумикан (Хабаровский край)'),(2246,'Чунский (Иркутская область)'),(2247,'Чупа (Карелия)'),(2248,'Чурапча (Якутия)'),(2249,'Чусовой (Пермский край)'),(2250,'Чухлома (Костромская область)'),(2251,'Чучково (Рязанская область)'),(2252,'Чёрный Яр (Астраханская область)'),(2253,'Шаблыкино (Орловская область)'),(2254,'Шагонар (Республика Тыва)'),(2255,'Шадринск (Курганская область)'),(2256,'Шала (Карелия)'),(2257,'Шали (Чеченская Республика)'),(2258,'Шалинское (Красноярский край)'),(2259,'Шаля (Свердловская область)'),(2260,'Шаран (Республика Башкортостан)'),(2261,'Шаранга (Нижегородская область)'),(2262,'Шаркан (Удмуртская Республика)'),(2263,'Шарлык (Оренбургская область)'),(2264,'Шарыпово (Красноярский край)'),(2265,'Шарья (Костромская область)'),(2266,'Шатки (Нижегородская область)'),(2267,'Шатой (Чеченская Республика)'),(2268,'Шатрово (Курганская область)'),(2269,'Шатура (Московская область)'),(2270,'Шаховская (Московская область)'),(2271,'Шахты (Ростовская область)'),(2272,'Шахунья (Нижегородская область)'),(2273,'Шацк (Рязанская область)'),(2274,'Шебалино (Республика Алтай)'),(2275,'Шебекино (Белгородская область)'),(2276,'Шексна (Вологодская область)'),(2277,'Шелаболиха (Алтайский край)'),(2278,'Шелехов (Иркутская область)'),(2279,'Шелковская (Чеченская Республика)'),(2280,'Шелопугино (Забайкальский край)'),(2281,'Шемурша (Чувашия)'),(2282,'Шемышейка (Пензенская область)'),(2283,'Шенкурск (Архангельская область,Ненецкий автономный округ)'),(2284,'Шентала (Самарская область)'),(2285,'Шербакуль (Омская область)'),(2286,'Шигоны (Самарская область)'),(2287,'Шилка (Забайкальский край)'),(2288,'Шилово (Рязанская область)'),(2289,'Шимановский район (Амурская область)'),(2290,'Шимск (Новгородская область)'),(2291,'Шипуново (Алтайский край)'),(2292,'Шира (Хакасия)'),(2293,'Шлиссельбург (Ленинградская область)'),(2294,'Шомба (Карелия)'),(2295,'Шуерецкое (Карелия)'),(2296,'Шуйское (Вологодская область)'),(2297,'Шумерля (Чувашия)'),(2298,'Шумиха (Курганская область)'),(2299,'Шумячи (Смоленская область)'),(2300,'Шуньга (Карелия)'),(2301,'Шушенское (Красноярский край)'),(2302,'Шуя (Ивановская область)'),(2303,'Щекино (Тульская область)'),(2304,'Щелково (Московская область)'),(2305,'Щигры (Курская область)'),(2306,'Щучье (Курганская область)'),(2307,'Щёлковский район (Московская область)'),(2308,'Ытык-Кюёль (Якутия)'),(2309,'Эвенск (Магаданская область)'),(2310,'Эгвекинот (Чукотский автономный округ)'),(2311,'Электросталь (Московская область)'),(2312,'Элисенваара (Карелия)'),(2313,'Элиста (Калмыкия)'),(2314,'Эльмус (Карелия)'),(2315,'Эльхотово (Северная Осетия)'),(2316,'Энгельс (Саратовская область)'),(2317,'Энгозеро (Карелия)'),(2318,'Эрзин (Республика Тыва)'),(2319,'Эртиль (Воронежская область)'),(2320,'Эссо (Камчатский край)'),(2321,'Эссойла (Карелия)'),(2322,'Юбилейный (Москва и ближнее Подмосковье)'),(2323,'Южа (Ивановская область)'),(2324,'Южно-Курильск (Сахалинская область)'),(2325,'Южно-Сахалинск (Сахалинская область)'),(2326,'Южно-Сухокумск (Республика Дагестан)'),(2327,'Южноуральск (Челябинская область)'),(2328,'Юкаменское (Удмуртская Республика)'),(2329,'Юрга (Кемеровская область)'),(2330,'Юргамыш (Курганская область)'),(2331,'Юргинское (Тюменская область)'),(2332,'Юрино (Марий Эл)'),(2333,'Юрла (Пермский край)'),(2334,'Юрьев-Польский (Владимирская область)'),(2335,'Юрьевец (Ивановская область)'),(2336,'Юрья (Кировская область)'),(2337,'Юрюзань (Челябинская область)'),(2338,'Юсьва (Пермский край)'),(2339,'Юхнов (Калужская область)'),(2340,'Юшкозеро (Карелия)'),(2341,'Явас (Мордовия)'),(2342,'Ягодное (Магаданская область)'),(2343,'Ядрин (Чувашия)'),(2344,'Языково (Республика Башкортостан)'),(2345,'Яккима (Карелия)'),(2346,'Яковлевка (Приморский край)'),(2347,'Якутск (Якутия)'),(2348,'Якшур-Бодья (Удмуртская Республика)'),(2349,'Ялта (Республика Крым)'),(2350,'Ялуторовск (Тюменская область)'),(2351,'Яльчики (Чувашия)'),(2352,'Ямбург (Ямало-Ненецкий автономный округ)'),(2353,'Янаул (Республика Башкортостан)'),(2354,'Янишполе (Карелия)'),(2355,'Янтиково (Чувашия)'),(2356,'Яр (Удмуртская Республика)'),(2357,'Яр-Сале (Ямало-Ненецкий автономный округ)'),(2358,'Яранск (Кировская область)'),(2359,'Яренск (Архангельская область,Ненецкий автономный округ)'),(2360,'Ярково (Тюменская область)'),(2361,'Ярославль (Ярославская область)'),(2362,'Ярцево (Смоленская область)'),(2363,'Ясногорск (Тульская область)'),(2364,'Ясный (Оренбургская область)'),(2365,'Яшалта (Калмыкия)'),(2366,'Яшкино (Кемеровская область)'),(2367,'Яшкуль (Калмыкия)'),(2368,'Яя (Кемеровская область)'),(2369,'им. Полины Осипенко (Хабаровский край)'),(2370,'пос. Булатниково (Москва и ближнее Подмосковье)'),(2371,'пос. Дубровский (Москва и ближнее Подмосковье)'),(2372,'пос. Измайлово (Москва и ближнее Подмосковье)'),(2373,'пос. Института Садоводства (Москва и ближнее Подмосковье)'),(2374,'пос. Ново-Дрожжино (Москва и ближнее Подмосковье)');
/*!40000 ALTER TABLE `cities` ENABLE KEYS */;
UNLOCK TABLES;

--
-- Table structure for table `customer`
--

DROP TABLE IF EXISTS `customer`;
/*!40101 SET @saved_cs_client     = @@character_set_client */;
/*!40101 SET character_set_client = utf8 */;
CREATE TABLE `customer` (
  `id` int(11) NOT NULL AUTO_INCREMENT,
  `name` varchar(125) NOT NULL,
  `email` varchar(125) NOT NULL,
  `created_at` int(12) DEFAULT NULL,
  `status_id` int(1) NOT NULL DEFAULT '1',
  `updated_at` int(11) DEFAULT NULL,
  `real_id` int(11) DEFAULT '0',
  `reason` text,
  PRIMARY KEY (`id`),
  KEY `idx-customer-real_id` (`real_id`)
) ENGINE=InnoDB AUTO_INCREMENT=28 DEFAULT CHARSET=utf8;
/*!40101 SET character_set_client = @saved_cs_client */;

--
-- Dumping data for table `customer`
--

LOCK TABLES `customer` WRITE;
/*!40000 ALTER TABLE `customer` DISABLE KEYS */;
INSERT INTO `customer` VALUES (1,'ЗАК_1','zak1@mail.ru',1562839251,2,1562839252,2,''),(2,'ЗАК_2','zak2@mail.ru',1559818916,2,1559818916,3,''),(3,'ЗАК_3','zak3@mail.ru',1559740233,2,1559740233,4,''),(4,'ЗАК_4','zak4@mail.ru',1559811022,3,1559811022,5,'12ds'),(5,'ЗАК_5','zak5@mail.ru',1562843797,2,1562843797,6,''),(6,'d1dqq','zak7@mail.ru',1560427736,2,1560427736,19,''),(7,'Зак_8','zak8@mail.ru',1562843813,2,1562843813,20,''),(8,'d2das','2dqd@ads.ru',1562843815,2,1562843815,21,''),(9,'Иванов Сергей Витальевич','isv@yandex.ru',1560866409,2,1560866409,22,''),(10,'414','321@d.s',1562843817,2,1562843817,23,''),(11,'ЗАК_9','zak9@mail.ru',1560867820,1,1560867821,26,''),(12,'ЗАК_10','zak10@mail.ru',1561036733,1,1561036733,27,''),(13,'121s','s1s2@r.ru',1562844070,1,1562844070,28,''),(14,'21ed2','2d1d@rqw.ru',1562932309,3,1562932309,29,'нарушение правил'),(15,'$@%^!','sf2@fs.rs',1560934002,1,1560934003,30,''),(16,'sd2Ds2','fsfdfw@dsa.rs',1561012893,1,1561012894,31,''),(17,'Новый заказчик','zak11@mail.ru',1561980216,1,1561980217,32,''),(18,'123131ывв32в','sd@1.1',1561980667,1,1561980668,33,''),(19,'gdgb45','dsd2@dw.sw',1562056807,1,1562056807,34,''),(20,'Аспамтат','edf@mail.ru',1562222821,1,1562222822,36,''),(21,'аспамтат1','edf1@mail.ru',1562224173,1,1562224174,37,''),(22,'Асампат','sdf@mail.ru',1562235663,1,1562235663,38,''),(23,'Финдыр','find@mail.ru',1562315516,1,1562315517,39,''),(24,'jfghfghfg fghfghgfh fghfghfg','34534@gh.ty',1562332684,1,1562332685,41,''),(25,'Тестовичок','zakman1@mail.ru',1562581260,1,1562581261,42,''),(26,'ЗАК_12','zak12@mail.ru',1562656565,1,1562656565,43,''),(27,'1fsfd','1@s.s',1562684764,1,1562684765,44,'');
/*!40000 ALTER TABLE `customer` ENABLE KEYS */;
UNLOCK TABLES;

--
-- Table structure for table `customer_phone`
--

DROP TABLE IF EXISTS `customer_phone`;
/*!40101 SET @saved_cs_client     = @@character_set_client */;
/*!40101 SET character_set_client = utf8 */;
CREATE TABLE `customer_phone` (
  `id` int(11) NOT NULL AUTO_INCREMENT,
  `phone` varchar(25) NOT NULL,
  `created_at` int(12) DEFAULT NULL,
  `customer_id` int(11) NOT NULL,
  PRIMARY KEY (`id`),
  KEY `idx-customer_phone-customer_id` (`customer_id`),
  CONSTRAINT `fk-customer_phone-customer_id` FOREIGN KEY (`customer_id`) REFERENCES `customer` (`id`) ON DELETE CASCADE
) ENGINE=InnoDB AUTO_INCREMENT=84 DEFAULT CHARSET=latin1;
/*!40101 SET character_set_client = @saved_cs_client */;

--
-- Dumping data for table `customer_phone`
--

LOCK TABLES `customer_phone` WRITE;
/*!40000 ALTER TABLE `customer_phone` DISABLE KEYS */;
INSERT INTO `customer_phone` VALUES (3,'+7(999)999-99-03',1559739005,3),(4,'+7(999)999-99-04',1559739032,4),(5,'+7(999)999-99-05',1559739052,5),(13,'+7(999)999-99-02',1559818916,2),(14,'+7(999)999-99-99',1560427689,6),(15,'+7(999)999-99-99',1560434869,7),(16,'+7(999)999-99-99',1560434950,8),(17,'+7(999)999-99-99',1560530522,9),(18,'+7(999)999-99-99',1560531106,10),(27,'+7(999)999-99-09',1560867820,11),(30,'+7(999)999-99-99',1560868179,14),(31,'+7(999)999-99-99',1560934002,15),(47,'+7(999)999-99-99',1561012893,16),(64,'+7(999)999-99-10',1561036733,12),(71,'+7(999)999-99-01',1561128204,1),(72,'+7(999)999-99-11',1561980216,17),(73,'+7(999)928-54-85',1561980667,18),(74,'+7(921)584-63-21',1562056807,19),(75,'+7(999)999-99-99',1562222821,20),(76,'+7(999)999-99-99',1562224173,21),(77,'+7(999)999-99-99',1562235663,22),(78,'+7999999999',1562315516,23),(79,'+7999999999',1562332684,24),(80,'8514184',1562581260,25),(81,'+7(999)999-99-12',1562656565,26),(82,'+7(988)756-26-85',1562684764,27),(83,'+7(999)999-99-99',1562844070,13);
/*!40000 ALTER TABLE `customer_phone` ENABLE KEYS */;
UNLOCK TABLES;

--
-- Table structure for table `database`
--

DROP TABLE IF EXISTS `database`;
/*!40101 SET @saved_cs_client     = @@character_set_client */;
/*!40101 SET character_set_client = utf8 */;
CREATE TABLE `database` (
  `id` int(11) NOT NULL AUTO_INCREMENT,
  `name` varchar(250) COLLATE utf8_unicode_ci NOT NULL,
  `cost` int(11) NOT NULL DEFAULT '0',
  PRIMARY KEY (`id`)
) ENGINE=InnoDB AUTO_INCREMENT=65 DEFAULT CHARSET=utf8 COLLATE=utf8_unicode_ci;
/*!40101 SET character_set_client = @saved_cs_client */;

--
-- Dumping data for table `database`
--

LOCK TABLES `database` WRITE;
/*!40000 ALTER TABLE `database` DISABLE KEYS */;
INSERT INTO `database` VALUES (1,'ФСНБ-2001 редакция 2009',0),(2,'База 1984 года ЕРЕР',0),(3,'ФСНБ-2001 редакция 2017',100),(4,'ГЭСНс «Автомобильные дороги»',100),(5,'ГЭСНтр Отраслевые сметные нормативы на работы по техническому обслуживанию и ремонту оборудования городского хозяйства',100),(6,'ТСНБ ТЕР-2001 Алтайского края ',100),(7,'ТСНБ ТЕР-2001 Амурской области',100),(8,'ТСНБ ТЕР-2001 Астраханской области',100),(9,'ТСНБ ТЕР-2001 Брянской области',100),(10,'ТСНБ ТЕР-2001 Волгоградской области',100),(11,'ТСНБ ТЕР-2001 Вологодской области',100),(12,'ТСНБ ТЕР-2001 Воронежской области',100),(13,'ТСНБ ТЕР-2001 Забайкальского края',100),(14,'ТСНБ ТЕР-2001 Иркутской области',100),(15,'ТСНБ ТЕР-2001 Камчатского края',100),(16,'ТСНБ ТЕР-2001 Кабардино-Балкарской республики',100),(17,'ТСНБ ТЕР-2001 Кемеровской области',100),(18,'ТСНБ ТЕР-2001 Кировской области',100),(19,'ТСНБ ТЕР-2001 Костромской области',100),(20,'ТСНБ ТЕР-2001 Краснодарского края',100),(21,'ТСНБ ТЕР-2001 Красноярского края',100),(22,'ТСНБ ТЕР-2001 Карачаево-Черкесской республики',100),(23,'ТСНБ ТЕР-2001 Ленинградской области (ред.2009г.)',100),(24,'ТСНБ ТЕР-2001 Ленинградской области (ред.2014г.)',100),(25,'ТСНБ ТЕР-2001 Липецкой области',100),(26,'ТСНБ ТЕР-2001 Магаданской области',100),(27,'ТСНБ ТЕР-2001 Московской области',100),(28,'ТСНБ ТЕР-2001 Мурманской области',100),(29,'ТСНБ ТЕР-2001 Ненецкого автономного округа ',100),(30,'ТСНБ ТЕР-2001 Нижегородской области',100),(31,'ТСНБ ТЕР-2001 Новосибирской области',100),(32,'ТСНБ ТЕР-2001 Омской области',100),(33,'ТСНБ ТЕР-2001 Оренбургской области',100),(34,'ТСНБ ТЕР-2001 Орловской области',100),(35,'ТСНБ ТЕР-2001 Пензенской области',100),(36,'ТСНБ ТЕР-2001 Приморского края',100),(37,'ТСНБ ТЕР-2001 Республики Адыгея',100),(38,'ТСНБ ТЕР-2001 Республики Бурятия',100),(39,'ТСНБ ТЕР-2001 Республики Ингушетия',100),(40,'ТСНБ ТЕР-2001 Республики Калмыкия',100),(41,'ТСНБ ТЕР-2001 Республики Карелия ',100),(42,'ТСНБ ТЕР-2001 Республики Мордовия',100),(43,'ТСНБ ТЕР-2001 Республики Саха',100),(44,'ТСНБ ТЕР-2001 Республики Тыва',100),(45,'ТСНБ ТЕР-2001 Республики Удмуртия',100),(46,'ТСНБ ТЕР-2001 Чеченской республики',100),(47,'ТСНБ ТЕР-2001 Ростовской области',100),(48,'ТСНБ ТЕР-2001 Республики Северная Осетия-Алания',100),(49,'ТСНБ ТЕР-2001 Рязанской области',100),(50,'ТСНБ ТЕР-2001 г. Санкт-Петербурга',100),(51,'ТСНБ ТЕР-2001 Саратовской области',100),(52,'ТСНБ ТЕР-2001 Сахалинской области',100),(53,'ТСНБ ТЕР-2001 города Севастополь',100),(54,'ТСНБ ТЕР-2001 Смоленской области',100),(55,'ТСНБ ТЕР-2001 Ставропольского края',100),(56,'ТСНБ ТЕР-2001 Тверской области',100),(57,'ТСНБ ТЕР-2001 Тульской области',100),(58,'ТСНБ ТЕР-2001 Тюменской области',100),(59,'ТСНБ ТЕР-2001 Ульяновской области',100),(60,'ТСНБ ТЕР-2001 Хабаровского края',100),(61,'ТСНБ ТЕР-2001 Ханты-Мансийского АО',100),(62,'ТСНБ ТЕР-2001 Чукотского АО',100),(63,'ТСНБ ТЕР-2001 Ямало-Ненецкого АО',100),(64,'ТСНБ ТЕР-2001 Ярославской области',100);
/*!40000 ALTER TABLE `database` ENABLE KEYS */;
UNLOCK TABLES;

--
-- Table structure for table `migration`
--

DROP TABLE IF EXISTS `migration`;
/*!40101 SET @saved_cs_client     = @@character_set_client */;
/*!40101 SET character_set_client = utf8 */;
CREATE TABLE `migration` (
  `version` varchar(180) NOT NULL,
  `apply_time` int(11) DEFAULT NULL,
  PRIMARY KEY (`version`)
) ENGINE=InnoDB DEFAULT CHARSET=latin1;
/*!40101 SET character_set_client = @saved_cs_client */;

--
-- Dumping data for table `migration`
--

LOCK TABLES `migration` WRITE;
/*!40000 ALTER TABLE `migration` DISABLE KEYS */;
INSERT INTO `migration` VALUES ('m000000_000000_base',1559738875),('m170911_124315_createTableAuth',1559738877),('m170911_124333_createTableCities',1559738878),('m170911_125535_createTableNormativeBases',1559738878),('m170911_125543_createTableOrder',1559738878),('m170911_125558_createTableOrderHasNormativeBases',1559738878),('m170911_125606_createTableOrderHasProfessions',1559738878),('m170911_125615_createTableOrderHasSmetaDocs',1559738878),('m170911_125629_createTableOrderUser',1559738878),('m170911_130025_createTableProfessions',1559738878),('m170911_130037_createTableReports',1559738878),('m170911_130047_createTableRequests',1559738878),('m170911_130056_createTableSmetaDocs',1559738878),('m170911_130104_createTableStatuses',1559738878),('m170911_130119_createTableUserHasNormativeBases',1559738878),('m170911_130128_createTableUserHasProfessions',1559738878),('m170911_130137_createTableUserHasSmetaDocs',1559738878),('m170911_130145_createTableUsers',1559738878),('m170913_121150_createPhonesTable',1559738878),('m170913_121212_createUsersPhonesTable',1559738878),('m170913_121220_createOrderPhonesTable',1559738878),('m170913_122712_moveUserPhoneToPhonesTable',1559738878),('m170913_122720_moveOrderPhoneToPhonesTable',1559738878),('m171018_075016_addProfessionToProfessionsTable',1559738878),('m180523_094228_addProfessionsToProfessionsTable',1559738878),('m180920_084113_createCustomerAndFixAuth',1559738878),('m180920_141616_createCustomerPhone',1559738878),('m181102_153425_fixCustomer',1559738878),('m181120_142517_fixCustomerReason',1559738878),('m181122_133355_UserReviewOrder',1559901583),('m190304_092441_delLinkFromUser',1559901583),('m190305_112634_createUserFeedBackOrder',1559901583),('m190312_135228_fixForSendEmailToCustomerAboutNowFeadback',1559901583),('m190320_113722_fixOrderFeadbackUser',1559901583),('m190412_120329_createShowUserContactsCounter',1559901583),('m190424_074705_fixOldMigrates',1562912550),('m190625_085051_createDatabase',1562912550),('m190625_095007_fixRequests',1562912550),('m190625_130957_createRequestsHasDatabase',1562912550),('m190701_092041_fixRequest',1562912550);
/*!40000 ALTER TABLE `migration` ENABLE KEYS */;
UNLOCK TABLES;

--
-- Table structure for table `normative_bases`
--

DROP TABLE IF EXISTS `normative_bases`;
/*!40101 SET @saved_cs_client     = @@character_set_client */;
/*!40101 SET character_set_client = utf8 */;
CREATE TABLE `normative_bases` (
  `id` int(11) NOT NULL AUTO_INCREMENT,
  `title` varchar(255) NOT NULL,
  PRIMARY KEY (`id`)
) ENGINE=MyISAM AUTO_INCREMENT=12 DEFAULT CHARSET=utf8;
/*!40101 SET character_set_client = @saved_cs_client */;

--
-- Dumping data for table `normative_bases`
--

LOCK TABLES `normative_bases` WRITE;
/*!40000 ALTER TABLE `normative_bases` DISABLE KEYS */;
INSERT INTO `normative_bases` VALUES (1,'ГЭСН'),(2,'ФЕР-2001'),(3,'ТЕР-2001'),(4,'ПИР'),(5,'ПНР'),(6,'ТСН-2001 Москва'),(7,'ТСНБ-2001'),(8,'Ведомственные'),(9,'Индивидуальные/фирменные'),(10,'Госэталон'),(11,'Прочее');
/*!40000 ALTER TABLE `normative_bases` ENABLE KEYS */;
UNLOCK TABLES;

--
-- Table structure for table `order`
--

DROP TABLE IF EXISTS `order`;
/*!40101 SET @saved_cs_client     = @@character_set_client */;
/*!40101 SET character_set_client = utf8 */;
CREATE TABLE `order` (
  `id` int(11) NOT NULL AUTO_INCREMENT,
  `auth_id` int(11) NOT NULL,
  `user_change_id` int(11) DEFAULT NULL,
  `created_at` int(11) NOT NULL,
  `updated_at` int(11) DEFAULT NULL,
  `finished_at` int(11) NOT NULL,
  `name` varchar(255) NOT NULL,
  `fio` varchar(255) NOT NULL,
  `email` varchar(255) NOT NULL,
  `price` int(10) NOT NULL DEFAULT '0',
  `text` text NOT NULL,
  `published` tinyint(1) DEFAULT '1',
  `checked` tinyint(1) DEFAULT '0',
  `closing_reason` int(1) DEFAULT NULL,
  `closing_reason_text` varchar(255) DEFAULT NULL,
  PRIMARY KEY (`id`),
  KEY `idx-order-auth_id` (`auth_id`)
) ENGINE=MyISAM AUTO_INCREMENT=54 DEFAULT CHARSET=utf8;
/*!40101 SET character_set_client = @saved_cs_client */;

--
-- Dumping data for table `order`
--

LOCK TABLES `order` WRITE;
/*!40000 ALTER TABLE `order` DISABLE KEYS */;
INSERT INTO `order` VALUES (1,2,NULL,1559739944,1559739944,1562331944,'Заказ_1','ЗАК_1','zak1@mail.ru',1252,'заказаззачвыфааыфакезаказаказаззачвыфааыфакезаказаззачвыфааыфакезаказаззачвыфааыфакезаказаззачвыфааыфакезаказаззачвыфааыфакезаказаззачвыфааыфакезаказаззачвыфааыфакезаказаззачвыфааыфакезаззачвыфааыфакезаказаззачвыфааыфакезаказаззачвыфааыфаке',0,1,5,NULL),(2,2,2,1559740039,1559821070,1562413070,'Заказ_2','ЗАК_1','zak1@mail.ru',5700,'зазказзаыызазмпкуфпшкопимзщкпмщумукаыыаыыза змпкуфпшкопимзщкпмщумукаыызазмпкуфпшкопимзщк пмщумукаыызазмпкуфпшкопимзщкпмщумукаыызазмпкуфпшкопи мзщкпмщумукаыызазмпкуфпшкопимзщкпмщумукаы ызазмпкуфпшкопимзщкпмщумукаыызазмпкуфпшкоп имзщкпмщумукаыызазмпкуфпшкопимзщкпмщумукз азмпкуфпшкопимзщкпмщумукаыызазмпкуфпшкопимзщкпмщумукаыызазмпкуфпшкопимзщкпмщумук',1,0,NULL,NULL),(3,2,2,1559740120,1560950786,1563542786,'Заказик_3','ЗАК_1','zak1@mail.ru',7405,'вайв2в2вй1в2вй1ввввввввыфвыф',1,1,NULL,NULL),(4,3,NULL,1559820634,1559820634,1562412634,'ЗАКАЗ_4','ЗАК_2','zak2@mail.ru',5400,'заказик',1,0,NULL,NULL),(5,6,NULL,1559820968,1559820968,1562412968,'ЗАКАЗ 5','ЗАК_5','zak5@mail.ru',3540,'заказизизаазазазаззазазазазаззазазаззззззззззззззззззззззззззззззззаааааааааааааааааааааазззззззззззззззззааааааааааааааазззззззззззззззззззззззззззззззаааааааааааааааааааааааааазззззззззззззззззззззаааааааааазззззззззззззззззззззззззззззззаааааааааааззззззз',1,1,NULL,NULL),(6,2,NULL,1559911443,1559911616,1559911616,'Расчёт площади','ЗАК_1','zak1@mail.ru',520,'аываыфаыавы 3 а 3 авы а ы вывыввы ',0,1,2,NULL),(7,2,NULL,1559911497,1559911598,1559911598,'Определение ','ЗАК_1','zak1@mail.ru',3520,'ц3вас',0,1,1,NULL),(8,2,2,1560423628,1560532064,1563124064,'daad','ЗАК_1','zak1@mail.ru',21,'231',1,0,NULL,NULL),(9,2,NULL,1560423654,1560426466,1560426466,'t53eg','ЗАК_1','zak1@mail.ru',453,'fswfe3',0,1,2,NULL),(10,19,NULL,1560427690,1560427690,1563019690,'Zak1','d1dqq','zak7@mail.ru',231,'1sd21',1,0,NULL,NULL),(11,20,NULL,1560434870,1560434870,1563026870,'Заказ_8','Зак_8','zak8@mail.ru',524,'2в1',1,0,NULL,NULL),(12,22,NULL,1560531781,1560531781,1563123781,'Заказ_7','Иванов Сергей Витальевич','isv@yandex.ru',0,'3287sd',1,0,NULL,NULL),(13,0,NULL,1560859877,1560859877,1563451877,'нп8гпн','ЗАК_1','zak1@mail.ru',7400,'кеукекуе',1,0,NULL,NULL),(14,2,1,1560863391,1560863391,1560863578,'Отменёнка','ЗАК_1','zak1@mail.ru',2331,'ыыыы',0,1,4,'нарушение правил'),(15,3,1,1560863659,1560863659,1560863750,'Отменный','ЗАК_2','zak2@mail.ru',32115,'ыв1',0,1,4,'нарушение прав'),(16,3,1,1560863905,1560863905,1562675424,'Отменёнка2','ЗАК_2','zak2@mail.ru',3211,'а33',0,1,4,'Нарушение правил'),(17,3,1,1560864699,1560864699,1560865189,'Отменёнка2','ЗАК_2','zak2@mail.ru',231,'ыв11',0,1,4,'нарушениеправил'),(18,22,NULL,1560866306,1560866306,1563458306,'ИСВ','Иванов Сергей Витальевич','isv@yandex.ru',231,'ы1',1,0,NULL,NULL),(19,30,NULL,1560934004,1560934004,1563526004,'@#$@!','$@%^!','sf2@fs.rs',0,'@#!%%',1,0,NULL,NULL),(20,27,NULL,1560944063,1560944063,1563536063,'заказище','ЗАК_10','zak10@mail.ru',23123,'ыв2',1,0,NULL,NULL),(21,27,NULL,1560944095,1560944095,1563536095,'заказище_2','ЗАК_10','zak10@mail.ru',231,'ыв21',1,0,NULL,NULL),(22,31,NULL,1561012894,1561012894,1563604894,'Request','sd2Ds2','fsfdfw@dsa.rs',258,'d2',1,0,NULL,NULL),(23,3,NULL,1562049639,1562049639,1564641639,'лвлыоигва','ЗАК_2','zak2@mail.ru',21,'в2',1,0,NULL,NULL),(24,3,NULL,1562049664,1562049664,1564641664,'2вфв','ЗАК_2','zak2@mail.ru',231,'апцы21',1,0,NULL,NULL),(25,3,NULL,1562049686,1562050267,1562050267,'ввйавййцч','ЗАК_2','zak2@mail.ru',531,'приаеп2',0,1,1,NULL),(26,3,NULL,1562049728,1562049728,1564641728,'прурокм3','ЗАК_2','zak2@mail.ru',352,'нрам3',1,0,NULL,NULL),(27,3,NULL,1562049770,1562050253,1562050253,'ол7окимсит','ЗАК_2','zak2@mail.ru',864,'пысч2',0,1,3,NULL),(28,3,NULL,1562049920,1562050242,1562050242,'рамтмсы2','ЗАК_2','zak2@mail.ru',743,'рамв',0,1,2,NULL),(29,3,NULL,1562049954,1562049954,1564641954,'длено6т','ЗАК_2','zak2@mail.ru',5,'3',1,0,NULL,NULL),(30,3,NULL,1562049995,1562049995,1564641995,'пауп5р','ЗАК_2','zak2@mail.ru',465,'25',1,0,NULL,NULL),(31,3,NULL,1562050029,1562226875,1562226875,'пауп5р','ЗАК_2','zak2@mail.ru',532,'ва',0,1,1,NULL),(32,3,NULL,1562050066,1562050159,1562050159,'ка34а','ЗАК_2','zak2@mail.ru',35,'3к',0,1,3,NULL),(33,3,NULL,1562050103,1562050154,1562050154,'оав','ЗАК_2','zak2@mail.ru',567,'52',0,1,2,NULL),(34,3,NULL,1562050124,1562050150,1562050150,'еп2у4','ЗАК_2','zak2@mail.ru',456,'асм36',0,1,1,NULL),(35,2,NULL,1562137458,1562137459,1564729459,'fcw34f','ЗАК_1','zak1@mail.ru',326,'j5',1,1,NULL,NULL),(36,2,NULL,1562137481,1562137481,1564729481,'u65h','ЗАК_1','zak1@mail.ru',955,'lfv',1,1,NULL,NULL),(37,2,NULL,1562137520,1562137520,1564729520,'bv56','ЗАК_1','zak1@mail.ru',5798,'klvc5',1,1,NULL,NULL),(38,38,1,1562235664,1562235664,1562250479,'Раскройка моста','Асампат','sdf@mail.ru',520,'а3ы',0,1,4,'Нарушение правил портала п.3.4'),(39,38,NULL,1562236297,1562236297,1564828297,'фио меняю','Асампатчик','sdf@mail.ru',2341,'ви',1,0,NULL,NULL),(40,38,1,1562236328,1562236328,1562250406,'телефон меняю','Асампат','sdf@mail.ru',5323,'в2',0,1,4,'Нарушение правил портала п.2.2'),(41,38,NULL,1562236375,1562236375,1564828375,'меняю телефон и имя','Асампатчикник','sdf@mail.ru',527,'ом3',1,1,NULL,NULL),(42,38,NULL,1562236941,1562236941,1564828941,'чек авторизации','Асампат','sdf@mail.ru',5862,'дли3',1,1,NULL,NULL),(43,27,NULL,1562314139,1562314139,1564906139,'хром','ЗАК_10','zak10@mail.ru',258,'ом4',1,0,NULL,NULL),(44,44,NULL,1562684766,1562684766,1565276766,'в2','1fsfd','1@s.s',2,'ыв',1,0,NULL,NULL),(45,3,1,1562752459,1562752459,1562752488,'Отменёнка2','ЗАК_2','zak2@mail.ru',3212,'а33',0,1,4,'нАрУшЕнИе ПрАвИл'),(46,3,NULL,1562752543,1562851776,1562851776,'Отменёнка2','ЗАК_2','zak2@mail.ru',3213,'а33',0,1,3,NULL),(47,3,1,1562769589,1562769589,1562827681,'Отменёнка2','ЗАК_2','zak2@mail.ru',3205,'а33',0,1,4,'Нарушение ПРАВил п.3'),(48,2,NULL,1562828851,1562828851,1565420851,'Размещение через быструю форму','ЗАК_1','zak1@mail.ru',5632,'длвт3',1,0,NULL,NULL),(49,3,NULL,1563177845,1563177845,1565769845,'Отклик','ЗАК_2','zak2@mail.ru',3213,'а33',1,0,NULL,NULL),(50,3,NULL,1563177861,1563177861,1565769861,'Отклик1','ЗАК_2','zak2@mail.ru',3205,'а33',1,0,NULL,NULL),(51,3,NULL,1563177874,1563177874,1565769874,'Отклик2','ЗАК_2','zak2@mail.ru',3212,'а33',1,0,NULL,NULL),(52,3,NULL,1563177906,1563177906,1565769906,'Отменёнка2','ЗАК_2','zak2@mail.ru',32126,'а332вы',1,0,NULL,NULL),(53,3,NULL,1563177939,1563177939,1565769939,'Отклик3','ЗАК_2','zak2@mail.ru',3225,'а33чывч',1,0,NULL,NULL);
/*!40000 ALTER TABLE `order` ENABLE KEYS */;
UNLOCK TABLES;

--
-- Table structure for table `order_feadback_user`
--

DROP TABLE IF EXISTS `order_feadback_user`;
/*!40101 SET @saved_cs_client     = @@character_set_client */;
/*!40101 SET character_set_client = utf8 */;
CREATE TABLE `order_feadback_user` (
  `id` int(11) NOT NULL AUTO_INCREMENT,
  `user_id` int(11) NOT NULL,
  `order_id` int(11) NOT NULL,
  `customer_id` int(11) NOT NULL,
  `send` int(1) NOT NULL DEFAULT '0',
  `created_at` int(11) DEFAULT NULL,
  `new` int(1) DEFAULT '1',
  PRIMARY KEY (`id`),
  KEY `idx-review-user_id` (`user_id`),
  KEY `idx-review-order_id` (`order_id`),
  KEY `idx-review-customer_id` (`customer_id`)
) ENGINE=InnoDB AUTO_INCREMENT=75 DEFAULT CHARSET=latin1;
/*!40101 SET character_set_client = @saved_cs_client */;

--
-- Dumping data for table `order_feadback_user`
--

LOCK TABLES `order_feadback_user` WRITE;
/*!40000 ALTER TABLE `order_feadback_user` DISABLE KEYS */;
INSERT INTO `order_feadback_user` VALUES (1,12,10,6,1,1560847853,1),(2,12,12,9,0,1560847866,1),(3,12,11,7,1,1560847868,1),(4,12,2,1,1,1560847897,0),(5,12,14,1,0,1560863430,1),(6,13,14,1,0,1560863514,1),(7,12,15,2,0,1560863698,1),(8,13,15,2,0,1560863714,1),(9,12,17,2,0,1560864760,1),(10,12,16,2,1,1560864786,0),(11,13,17,2,0,1560864800,1),(12,13,16,2,1,1560864801,0),(13,14,17,2,0,1560864856,1),(14,14,16,2,0,1560864858,0),(15,13,31,2,0,1562069552,1),(16,12,31,2,0,1562075641,1),(17,12,23,2,1,1562075648,0),(18,12,22,16,0,1562075649,1),(19,12,30,2,1,1562137312,0),(20,12,37,1,1,1562137645,0),(21,12,36,1,1,1562228878,0),(22,12,35,1,1,1562229431,1),(23,12,29,2,1,1562229437,1),(24,12,24,2,1,1562229911,1),(25,12,42,22,0,1562239998,0),(26,12,41,22,0,1562240080,0),(27,12,40,22,0,1562240110,0),(28,12,38,22,0,1562250114,0),(29,13,38,22,0,1562250128,0),(30,13,40,22,0,1562250329,1),(31,12,43,12,0,1562571261,0),(32,12,39,22,0,1562666707,0),(33,12,26,2,1,1562669130,0),(34,12,3,1,1,1562669380,0),(35,12,44,27,0,1562743565,1),(36,12,21,12,0,1562743599,1),(37,12,19,15,0,1562748574,1),(38,12,47,2,0,1562769598,0),(39,13,47,2,0,1562769608,0),(40,17,47,2,0,1562824215,0),(41,17,46,2,0,1562824230,0),(42,12,46,2,0,1562824670,0),(43,12,20,12,0,1562824798,1),(44,12,48,1,0,1562842823,1),(45,13,48,1,0,1562842849,1),(46,13,46,2,0,1562842850,0),(47,13,44,27,0,1562842852,1),(48,13,43,12,0,1562842854,1),(49,13,42,22,0,1562842863,1),(50,13,41,22,0,1562842864,1),(51,17,48,1,0,1562842895,1),(52,17,44,27,0,1562842899,1),(53,17,43,12,0,1562842900,1),(54,17,42,22,0,1562842902,0),(55,17,41,22,0,1562842904,0),(56,18,48,1,0,1562842924,1),(57,18,46,2,0,1562842926,0),(58,18,44,27,0,1562842929,1),(59,18,43,12,0,1562842930,1),(60,18,42,22,0,1562842932,0),(61,12,53,2,0,1563178375,0),(62,12,52,2,0,1563178781,1),(63,12,49,2,0,1563191433,0),(64,12,51,2,0,1563192210,0),(65,17,53,2,0,1563195986,0),(66,17,52,2,0,1563195988,0),(67,18,53,2,0,1563195997,0),(68,18,52,2,0,1563195999,0),(69,12,50,2,0,1563200111,0),(70,17,51,2,0,1563203783,1),(71,17,50,2,0,1563203921,0),(72,17,49,2,0,1563203922,0),(73,17,39,22,0,1563204067,1),(74,17,37,1,0,1563204080,1);
/*!40000 ALTER TABLE `order_feadback_user` ENABLE KEYS */;
UNLOCK TABLES;

--
-- Table structure for table `order_has_normative_bases`
--

DROP TABLE IF EXISTS `order_has_normative_bases`;
/*!40101 SET @saved_cs_client     = @@character_set_client */;
/*!40101 SET character_set_client = utf8 */;
CREATE TABLE `order_has_normative_bases` (
  `id` int(11) NOT NULL AUTO_INCREMENT,
  `order_id` int(11) NOT NULL,
  `normative_bases_id` int(11) NOT NULL,
  PRIMARY KEY (`id`)
) ENGINE=MyISAM AUTO_INCREMENT=102 DEFAULT CHARSET=utf8;
/*!40101 SET character_set_client = @saved_cs_client */;

--
-- Dumping data for table `order_has_normative_bases`
--

LOCK TABLES `order_has_normative_bases` WRITE;
/*!40000 ALTER TABLE `order_has_normative_bases` DISABLE KEYS */;
INSERT INTO `order_has_normative_bases` VALUES (1,1,1),(10,2,4),(9,2,1),(52,3,4),(5,4,10),(6,4,1),(7,5,10),(8,5,1),(11,6,10),(12,6,4),(13,7,1),(51,3,1),(37,8,8),(30,9,10),(31,10,9),(34,11,1),(35,12,1),(38,13,1),(39,14,10),(40,15,1),(41,16,1),(42,17,10),(43,17,1),(44,18,10),(45,19,10),(46,19,1),(47,20,9),(48,21,1),(53,22,9),(54,22,4),(55,23,1),(56,24,4),(57,25,9),(58,26,5),(59,27,10),(60,28,10),(61,29,1),(62,29,4),(63,30,1),(64,30,4),(65,31,10),(66,31,9),(67,32,1),(68,33,1),(69,34,1),(70,35,1),(71,35,9),(72,36,9),(73,36,4),(74,37,1),(75,38,1),(76,38,5),(77,39,10),(78,39,9),(79,40,9),(80,41,9),(81,41,6),(82,42,1),(83,42,5),(84,43,10),(85,43,4),(86,44,10),(87,45,1),(88,46,1),(89,47,1),(90,48,10),(91,48,4),(92,49,1),(93,50,1),(94,51,1),(95,52,10),(96,52,1),(97,52,11),(98,52,6),(99,52,7),(100,53,1),(101,53,5);
/*!40000 ALTER TABLE `order_has_normative_bases` ENABLE KEYS */;
UNLOCK TABLES;

--
-- Table structure for table `order_has_professions`
--

DROP TABLE IF EXISTS `order_has_professions`;
/*!40101 SET @saved_cs_client     = @@character_set_client */;
/*!40101 SET character_set_client = utf8 */;
CREATE TABLE `order_has_professions` (
  `id` int(11) NOT NULL AUTO_INCREMENT,
  `order_id` int(11) NOT NULL,
  `professions_id` int(11) NOT NULL,
  PRIMARY KEY (`id`)
) ENGINE=MyISAM AUTO_INCREMENT=112 DEFAULT CHARSET=utf8;
/*!40101 SET character_set_client = @saved_cs_client */;

--
-- Dumping data for table `order_has_professions`
--

LOCK TABLES `order_has_professions` WRITE;
/*!40000 ALTER TABLE `order_has_professions` DISABLE KEYS */;
INSERT INTO `order_has_professions` VALUES (1,1,2),(9,2,4),(59,3,6),(58,3,2),(5,4,2),(6,4,3),(7,5,2),(8,5,5),(10,6,1),(11,6,4),(12,7,2),(42,8,3),(32,9,3),(33,10,3),(41,8,1),(37,11,5),(38,12,4),(43,13,3),(44,14,3),(45,15,3),(46,16,5),(47,17,2),(48,17,4),(49,18,2),(50,18,4),(51,19,3),(52,19,5),(53,20,4),(54,21,3),(55,21,5),(60,22,3),(61,22,11),(62,23,3),(63,24,2),(64,25,3),(65,26,2),(66,26,3),(67,27,3),(68,28,2),(69,29,2),(70,29,3),(71,29,4),(72,30,4),(73,30,6),(74,31,2),(75,31,4),(76,32,3),(77,33,3),(78,34,2),(79,34,4),(80,35,3),(81,35,4),(82,36,4),(83,36,5),(84,37,4),(85,38,3),(86,38,6),(87,39,4),(88,39,5),(89,40,4),(90,41,4),(91,41,6),(92,42,2),(93,42,4),(94,43,4),(95,43,7),(96,44,4),(97,45,5),(98,46,5),(99,47,5),(100,48,4),(101,48,6),(102,49,5),(103,50,5),(104,51,5),(105,52,4),(106,52,5),(107,52,9),(108,52,12),(109,53,5),(110,53,13),(111,53,15);
/*!40000 ALTER TABLE `order_has_professions` ENABLE KEYS */;
UNLOCK TABLES;

--
-- Table structure for table `order_has_smeta_docs`
--

DROP TABLE IF EXISTS `order_has_smeta_docs`;
/*!40101 SET @saved_cs_client     = @@character_set_client */;
/*!40101 SET character_set_client = utf8 */;
CREATE TABLE `order_has_smeta_docs` (
  `id` int(11) NOT NULL AUTO_INCREMENT,
  `order_id` int(11) NOT NULL,
  `smeta_docs_id` int(11) NOT NULL,
  PRIMARY KEY (`id`)
) ENGINE=MyISAM AUTO_INCREMENT=92 DEFAULT CHARSET=utf8;
/*!40101 SET character_set_client = @saved_cs_client */;

--
-- Dumping data for table `order_has_smeta_docs`
--

LOCK TABLES `order_has_smeta_docs` WRITE;
/*!40000 ALTER TABLE `order_has_smeta_docs` DISABLE KEYS */;
INSERT INTO `order_has_smeta_docs` VALUES (1,1,6),(9,2,6),(8,2,1),(48,3,8),(5,4,1),(6,4,8),(7,5,6),(10,6,6),(11,7,8),(47,3,1),(35,8,6),(28,9,2),(29,10,8),(32,11,8),(33,12,2),(36,13,3),(37,14,6),(38,15,1),(39,16,6),(40,17,1),(41,18,6),(42,19,8),(43,20,2),(44,21,4),(49,22,1),(50,22,8),(51,23,8),(52,24,6),(53,25,2),(54,26,4),(55,27,6),(56,28,1),(57,29,2),(58,29,8),(59,30,1),(60,30,8),(61,31,1),(62,31,6),(63,31,8),(64,32,4),(65,33,2),(66,34,8),(67,35,3),(68,35,2),(69,36,8),(70,37,2),(71,38,2),(72,38,5),(73,39,6),(74,40,6),(75,41,2),(76,41,4),(77,42,2),(78,43,2),(79,43,4),(80,44,3),(81,45,6),(82,46,6),(83,47,6),(84,48,6),(85,48,8),(86,49,6),(87,50,6),(88,51,6),(89,52,6),(90,53,6),(91,53,4);
/*!40000 ALTER TABLE `order_has_smeta_docs` ENABLE KEYS */;
UNLOCK TABLES;

--
-- Table structure for table `order_phones`
--

DROP TABLE IF EXISTS `order_phones`;
/*!40101 SET @saved_cs_client     = @@character_set_client */;
/*!40101 SET character_set_client = utf8 */;
CREATE TABLE `order_phones` (
  `id` int(11) NOT NULL AUTO_INCREMENT,
  `order_id` int(11) NOT NULL,
  `phone_id` int(11) NOT NULL,
  `index` tinyint(2) NOT NULL,
  `is_new` tinyint(1) NOT NULL DEFAULT '1',
  PRIMARY KEY (`id`)
) ENGINE=MyISAM AUTO_INCREMENT=54 DEFAULT CHARSET=utf8;
/*!40101 SET character_set_client = @saved_cs_client */;

--
-- Dumping data for table `order_phones`
--

LOCK TABLES `order_phones` WRITE;
/*!40000 ALTER TABLE `order_phones` DISABLE KEYS */;
INSERT INTO `order_phones` VALUES (1,1,1,1,1),(2,2,1,1,1),(3,3,1,1,1),(4,4,2,1,1),(5,5,5,1,1),(6,6,1,1,1),(7,7,1,1,1),(8,8,1,1,1),(9,9,1,1,1),(10,10,11,1,1),(11,11,11,1,1),(12,12,11,1,1),(13,13,1,1,1),(14,14,1,1,1),(15,15,2,1,1),(16,16,2,1,1),(17,17,2,1,1),(18,18,11,1,1),(19,19,11,1,1),(20,20,14,1,1),(21,21,14,1,1),(22,22,11,1,1),(23,23,2,1,1),(24,24,2,1,1),(25,25,2,1,1),(26,26,2,1,1),(27,27,2,1,1),(28,28,2,1,1),(29,29,2,1,1),(30,30,2,1,1),(31,31,2,1,1),(32,32,2,1,1),(33,33,2,1,1),(34,34,2,1,1),(35,35,1,1,1),(36,36,1,1,1),(37,37,1,1,1),(38,38,11,1,1),(39,39,11,1,1),(40,40,16,1,1),(41,41,17,1,1),(42,42,11,1,1),(43,43,14,1,1),(44,44,18,1,1),(45,45,2,1,1),(46,46,2,1,1),(47,47,2,1,1),(48,48,1,1,1),(49,49,2,1,1),(50,50,2,1,1),(51,51,2,1,1),(52,52,2,1,1),(53,53,2,1,1);
/*!40000 ALTER TABLE `order_phones` ENABLE KEYS */;
UNLOCK TABLES;

--
-- Table structure for table `order_user`
--

DROP TABLE IF EXISTS `order_user`;
/*!40101 SET @saved_cs_client     = @@character_set_client */;
/*!40101 SET character_set_client = utf8 */;
CREATE TABLE `order_user` (
  `id` int(11) NOT NULL AUTO_INCREMENT,
  `order_id` int(11) NOT NULL,
  `user_id` int(11) NOT NULL,
  `send` tinyint(1) DEFAULT '0',
  PRIMARY KEY (`id`)
) ENGINE=InnoDB AUTO_INCREMENT=173 DEFAULT CHARSET=utf8;
/*!40101 SET character_set_client = @saved_cs_client */;

--
-- Dumping data for table `order_user`
--

LOCK TABLES `order_user` WRITE;
/*!40000 ALTER TABLE `order_user` DISABLE KEYS */;
INSERT INTO `order_user` VALUES (1,4,3,0),(2,4,7,0),(3,4,8,0),(4,5,4,0),(5,5,5,0),(6,5,7,0),(7,2,1,0),(8,6,1,0),(9,6,2,0),(10,7,7,0),(11,3,1,0),(12,3,7,0),(13,3,4,0),(14,3,5,0),(15,3,6,0),(16,8,3,0),(17,8,8,0),(18,8,12,0),(19,9,3,0),(20,9,8,0),(21,9,12,0),(22,10,3,0),(23,10,8,0),(24,10,12,0),(25,8,4,0),(26,8,5,0),(27,8,7,0),(28,8,2,0),(29,11,4,0),(30,11,5,0),(31,11,7,0),(32,12,1,0),(33,13,3,0),(34,13,8,0),(35,13,12,0),(36,14,3,0),(37,14,8,0),(38,14,12,0),(39,15,3,0),(40,15,8,0),(41,15,12,0),(42,15,13,0),(43,16,4,0),(44,16,5,0),(45,16,7,0),(46,17,1,0),(47,17,7,0),(48,18,1,0),(49,18,7,0),(50,19,3,0),(51,19,4,0),(52,19,5,0),(53,19,7,0),(54,19,8,0),(55,19,12,0),(56,19,13,0),(57,20,1,0),(58,21,3,0),(59,21,4,0),(60,21,5,0),(61,21,7,0),(62,21,8,0),(63,21,12,0),(64,21,13,0),(65,22,3,0),(66,22,8,0),(67,22,12,0),(68,22,13,0),(69,23,3,0),(70,23,8,0),(71,23,12,0),(72,23,13,0),(73,24,7,0),(74,25,3,0),(75,25,8,0),(76,25,12,0),(77,25,13,0),(78,26,3,0),(79,26,7,0),(80,26,8,0),(81,26,12,0),(82,26,13,0),(83,27,3,0),(84,27,8,0),(85,27,12,0),(86,27,13,0),(87,28,7,0),(88,29,1,0),(89,29,3,0),(90,29,7,0),(91,29,8,0),(92,29,12,0),(93,29,13,0),(94,30,1,0),(95,30,6,0),(96,31,1,0),(97,31,7,0),(98,32,3,0),(99,32,8,0),(100,32,12,0),(101,32,13,0),(102,33,3,0),(103,33,8,0),(104,33,12,0),(105,33,13,0),(106,34,1,0),(107,34,7,0),(108,35,1,0),(109,35,3,0),(110,35,8,0),(111,35,12,0),(112,36,1,0),(113,36,4,0),(114,36,5,0),(115,36,7,0),(116,36,13,0),(117,37,1,0),(118,38,3,0),(119,38,6,0),(120,38,8,0),(121,38,12,0),(122,39,1,0),(123,39,4,0),(124,39,5,0),(125,39,7,0),(126,39,13,0),(127,40,1,0),(128,41,1,0),(129,41,6,0),(130,42,1,0),(131,42,7,0),(132,42,13,0),(133,43,1,0),(134,44,1,0),(135,45,4,0),(136,45,5,0),(137,45,7,0),(138,45,13,0),(139,46,4,0),(140,46,5,0),(141,46,7,0),(142,46,13,0),(143,47,4,0),(144,47,5,0),(145,47,7,0),(146,47,13,0),(147,48,1,0),(148,48,6,0),(149,48,18,0),(150,49,4,0),(151,49,5,0),(152,49,7,0),(153,49,13,0),(154,50,4,0),(155,50,5,0),(156,50,7,0),(157,50,13,0),(158,51,4,0),(159,51,5,0),(160,51,7,0),(161,51,13,0),(162,52,1,0),(163,52,4,0),(164,52,5,0),(165,52,7,0),(166,52,13,0),(167,52,17,0),(168,52,18,0),(169,53,4,0),(170,53,5,0),(171,53,7,0),(172,53,13,0);
/*!40000 ALTER TABLE `order_user` ENABLE KEYS */;
UNLOCK TABLES;

--
-- Table structure for table `phones`
--

DROP TABLE IF EXISTS `phones`;
/*!40101 SET @saved_cs_client     = @@character_set_client */;
/*!40101 SET character_set_client = utf8 */;
CREATE TABLE `phones` (
  `id` int(11) NOT NULL AUTO_INCREMENT,
  `number` varchar(20) NOT NULL,
  PRIMARY KEY (`id`),
  UNIQUE KEY `phoneIndex` (`number`)
) ENGINE=MyISAM AUTO_INCREMENT=21 DEFAULT CHARSET=utf8;
/*!40101 SET character_set_client = @saved_cs_client */;

--
-- Dumping data for table `phones`
--

LOCK TABLES `phones` WRITE;
/*!40000 ALTER TABLE `phones` DISABLE KEYS */;
INSERT INTO `phones` VALUES (1,'+7(999)999-99-01'),(2,'+7(999)999-99-02'),(3,'+7(999)999-99-03'),(4,'+7(999)999-99-04'),(5,'+7(999)999-99-05'),(6,'+7(999)999-99-06'),(7,'+7(999)999-99-07'),(8,'+7(999)999-99-08'),(9,'+7(999)999-99-09'),(10,'+7(960)274-44-05'),(11,'+7(999)999-99-99'),(12,'+7(999)999-99-12'),(13,'+7(999)999-99-13'),(14,'+7(999)999-99-10'),(15,'+7(999)999-99-55'),(16,'+7(999)999-99-59'),(17,'+7(999)999-99-58'),(18,'+7(988)756-26-85'),(19,'+7(982)222-22-22'),(20,'+7(986)222-22-22');
/*!40000 ALTER TABLE `phones` ENABLE KEYS */;
UNLOCK TABLES;

--
-- Table structure for table `professions`
--

DROP TABLE IF EXISTS `professions`;
/*!40101 SET @saved_cs_client     = @@character_set_client */;
/*!40101 SET character_set_client = utf8 */;
CREATE TABLE `professions` (
  `id` int(11) NOT NULL AUTO_INCREMENT,
  `title` varchar(255) NOT NULL,
  PRIMARY KEY (`id`)
) ENGINE=MyISAM AUTO_INCREMENT=39 DEFAULT CHARSET=utf8;
/*!40101 SET character_set_client = @saved_cs_client */;

--
-- Dumping data for table `professions`
--

LOCK TABLES `professions` WRITE;
/*!40000 ALTER TABLE `professions` DISABLE KEYS */;
INSERT INTO `professions` VALUES (1,'Автомобильные дороги'),(2,'Архитектурные решения'),(3,'Благоустройство, озеленение'),(4,'Бурение, скважины'),(5,'Вентиляция и кондиционирование'),(6,'Водоснабжение и водоотведение'),(7,'Газоснабжение'),(8,'Геодезические работы'),(9,'Другое'),(10,'Железные дороги и трамвайные пути'),(11,'Земляные работы'),(12,'Конструкции железобетонные'),(13,'Конструкции металлические'),(14,'Кровельные работы'),(15,'Монолитные работы'),(16,'Мосты, эстакады, путепроводы'),(17,'Общестроительные работы'),(18,'Отделочные работы'),(19,'Отопление'),(20,'Охранно-пожарные системы'),(21,'Подготовительные, демонтажные работы'),(22,'Проектно-изыскательские работы'),(23,'Пусконаладочные работы'),(24,'Реконструкция зданий и сооружений'),(25,'Ремонтные работы по текущему и кап. ремонту'),(26,'Реставрационные работы'),(27,'Садово-парковое и ландшафтное проектирование'),(28,'Свайные работы, закрепление грунтов'),(29,'Сети связи, видеонаблюдение'),(30,'Строительно-монтажные работы'),(31,'Теплоснабжение'),(32,'Тоннели, метрополитены'),(33,'Фасадные работы'),(34,'Электромонтажные работы'),(35,'Монтаж технологических трубопроводов и оборудования'),(36,'Гидротехнические работы (молы, причалы)'),(37,'Осушение территорий'),(38,'Проект организации строительства');
/*!40000 ALTER TABLE `professions` ENABLE KEYS */;
UNLOCK TABLES;

--
-- Table structure for table `reports`
--

DROP TABLE IF EXISTS `reports`;
/*!40101 SET @saved_cs_client     = @@character_set_client */;
/*!40101 SET character_set_client = utf8 */;
CREATE TABLE `reports` (
  `id` int(11) NOT NULL AUTO_INCREMENT,
  `user_id` int(11) NOT NULL,
  `date` datetime NOT NULL,
  `ip` varchar(255) DEFAULT NULL,
  `day_index` int(11) NOT NULL,
  `week_index` int(11) NOT NULL,
  `month_index` int(11) NOT NULL,
  `year` int(11) NOT NULL,
  PRIMARY KEY (`id`)
) ENGINE=MyISAM AUTO_INCREMENT=14 DEFAULT CHARSET=utf8;
/*!40101 SET character_set_client = @saved_cs_client */;

--
-- Dumping data for table `reports`
--

LOCK TABLES `reports` WRITE;
/*!40000 ALTER TABLE `reports` DISABLE KEYS */;
INSERT INTO `reports` VALUES (1,3,'2019-06-18 16:35:31','192.168.11.96',168,25,6,2019),(2,12,'2019-07-04 11:31:43','192.168.11.96',184,27,7,2019),(3,13,'2019-07-04 11:31:45','192.168.11.96',184,27,7,2019),(4,8,'2019-07-04 11:32:14','192.168.11.96',184,27,7,2019),(5,7,'2019-07-04 11:32:15','192.168.11.96',184,27,7,2019),(6,6,'2019-07-04 11:32:17','192.168.11.96',184,27,7,2019),(7,5,'2019-07-04 11:32:19','192.168.11.96',184,27,7,2019),(8,4,'2019-07-04 11:32:22','192.168.11.96',184,27,7,2019),(9,3,'2019-07-04 11:32:33','192.168.11.96',184,27,7,2019),(10,2,'2019-07-04 11:32:35','192.168.11.96',184,27,7,2019),(11,1,'2019-07-04 11:32:36','192.168.11.96',184,27,7,2019),(12,18,'2019-07-11 09:02:07','192.168.11.96',191,28,7,2019),(13,7,'2019-07-11 09:02:12','192.168.11.96',191,28,7,2019);
/*!40000 ALTER TABLE `reports` ENABLE KEYS */;
UNLOCK TABLES;

--
-- Table structure for table `requests`
--

DROP TABLE IF EXISTS `requests`;
/*!40101 SET @saved_cs_client     = @@character_set_client */;
/*!40101 SET character_set_client = utf8 */;
CREATE TABLE `requests` (
  `id` int(11) NOT NULL AUTO_INCREMENT,
  `fio` varchar(255) NOT NULL,
  `email` varchar(255) NOT NULL,
  `phone` varchar(20) NOT NULL,
  `date_created` int(11) NOT NULL,
  `status_value` int(1) NOT NULL DEFAULT '1',
  `comment` longtext,
  `inn` varchar(12) DEFAULT NULL,
  `access_days` int(2) NOT NULL DEFAULT '1',
  `cost` int(11) NOT NULL DEFAULT '0',
  `desired_date` int(11) NOT NULL,
  PRIMARY KEY (`id`)
) ENGINE=MyISAM AUTO_INCREMENT=34 DEFAULT CHARSET=utf8;
/*!40101 SET character_set_client = @saved_cs_client */;

--
-- Dumping data for table `requests`
--

LOCK TABLES `requests` WRITE;
/*!40000 ALTER TABLE `requests` DISABLE KEYS */;
INSERT INTO `requests` VALUES (1,'ЗАЯВКА_1','zayava1@mail.ru','+7(999)999-99-01',1560248214,1,NULL,NULL,1,0,0),(2,'ЗАЯВКА_2','zayava2@mail.ru','+7(999)999-99-02',1560248233,1,NULL,NULL,1,0,0),(3,'ЗАК_10','zak10@mail.ru','+7(999)999-99-10',1560934182,1,NULL,NULL,1,0,0),(4,'Заявка_0','smet@s.s','+7(999)999-99-99',1561974185,1,NULL,NULL,1,0,0),(5,'Смет_12','smet12@mail.ru','+7(999)999-99-12',1562071386,1,NULL,NULL,1,0,0),(6,'Смет_11','smet11@mail.ru','+7(999)999-99-99',1562139714,1,'',NULL,1,0,0),(7,'Смет_11','smet11@mail.ru','+7(999)999-99-99',1562149752,1,'',NULL,1,0,0),(8,'Смет_11','smet11@mail.ru','+7(999)999-99-99',1562159067,1,'',NULL,1,0,0),(9,'Смет_11','smet11@mail.ru','+7(999)999-99-99',1562159223,1,'',NULL,1,0,0),(10,'Смет_11','smet11@mail.ru','+7(999)999-99-99',1562164325,1,'Все базы мне нужны, все',NULL,1,0,0),(11,'ЗАЯВКА_2','zayava1@mail.ru','+7(985)555-55-55',1562757188,1,'',NULL,1,0,0),(12,'ЗАЯВКА_1','zayava1@mail.ru','+7(985)555-55-55',1562757886,1,'Эта база, та база. И ещё вон та',NULL,1,0,0),(13,'ЗАЯВКА_1 без инн','zayava1@mail.ru','+7(985)888-88-88',1562758012,1,'Все базы мне нужны, все',NULL,1,0,0),(14,'ЗАЯВКА_1 без инн и без нужных баз','zayava1@mail.ru','+7(952)222-22-22',1562758141,1,'',NULL,1,0,0),(15,'Заявка_12356356754','zayava1@mail.ru','+7(985)555-55-55',1562823485,1,'fgdvsver5v',NULL,1,0,0),(16,'Смет_11','smet11@mail.ru','+7(999)999-99-99',1562840230,1,'коммент и инн',NULL,1,0,0),(17,'ЗАЯВКА_1','zayava1@mail.ru','+7(988)888-88-88',1562840289,1,'коммент и инн',NULL,1,0,0),(18,'ЗАЯВКА_1','zayava1@mail.ru','+7(989)999-99-99',1562840330,2,'Заявка обработана в 12.07.2019 14:19:58; ',NULL,1,0,0),(19,'ЗАЯВКА_1','zayava1@mail.ru','+7(988)888-88-88',1562841687,1,'',NULL,1,0,0),(20,'ЗАЯВКА_1','zayava1@mail.ru','+7(999)999-99-99',1562841867,1,'',NULL,1,0,0),(21,'ЗАК_1','zak1@mail.ru','+7(999)999-99-01',1562841936,1,'',NULL,1,0,0),(22,'Смет_11','smet11@mail.ru','+7(999)999-99-99',1562842179,1,'коммент и инн',NULL,1,0,0),(23,'Смет_11','smet11@mail.ru','+7(999)999-99-99',1562848637,1,'коммент и инн',NULL,1,0,0),(24,'Смет_11','smet11@mail.ru','+7(999)999-99-99',1562848674,1,'',NULL,1,0,0),(25,'Смет_11','smet11@mail.ru','+7(999)999-99-99',1562848720,1,'только коммент',NULL,1,0,0),(26,'Смет_11','smet11@mail.ru','+7(999)999-99-99',1562848744,2,'Заявка обработана в 15.07.2019 12:44:02; ',NULL,1,0,0),(27,'ЗАЯВКА_1','zayava1@mail.ru','+7(988)888-88-88',1562915928,2,'Заявка обработана в 12.07.2019 14:20:25; ','',3,600,1563051600),(28,'zayavka','zayavka1@mail.ru','+7(988)888-88-88',1562918138,1,'','',3,900,1563051600),(29,'ЗАЯВКА_1','zayava1@mail.ru','+7(982)222-22-22',1562921091,1,'Нужные базы','',3,600,1563051600),(30,'zayavka','zayavka1@mail.ru','+7(982)522-22-22',1562921664,1,'','258456985123',5,1500,1562965200),(31,'Смет_10','smet10@mail.ru','+7(999)999-99-99',1563193160,1,'коммент и инн','',2,400,1563138000),(32,'Заявка_0','zayava1@mail.ru','+7(957)855-55-55',1563193263,1,'вса3чв','223232323232',3,600,1563138000),(33,'Заявка_0','zayava1@mail.ru','+7(957)855-55-55',1563193347,1,'вса3чв','223232323232',3,600,1563138000);
/*!40000 ALTER TABLE `requests` ENABLE KEYS */;
UNLOCK TABLES;

--
-- Table structure for table `requests_has_database`
--

DROP TABLE IF EXISTS `requests_has_database`;
/*!40101 SET @saved_cs_client     = @@character_set_client */;
/*!40101 SET character_set_client = utf8 */;
CREATE TABLE `requests_has_database` (
  `id` int(11) NOT NULL AUTO_INCREMENT,
  `request_id` int(11) NOT NULL,
  `database_id` int(11) NOT NULL,
  `created_at` int(11) DEFAULT NULL,
  PRIMARY KEY (`id`)
) ENGINE=InnoDB AUTO_INCREMENT=33 DEFAULT CHARSET=utf8 COLLATE=utf8_unicode_ci;
/*!40101 SET character_set_client = @saved_cs_client */;

--
-- Dumping data for table `requests_has_database`
--

LOCK TABLES `requests_has_database` WRITE;
/*!40000 ALTER TABLE `requests_has_database` DISABLE KEYS */;
INSERT INTO `requests_has_database` VALUES (3,27,4,1562915928),(4,27,15,1562915928),(8,28,3,1562918138),(9,28,4,1562918138),(10,28,12,1562918138),(13,29,3,1562921091),(14,29,10,1562921091),(18,30,4,1562921664),(19,30,5,1562921664),(20,30,11,1562921664),(23,31,4,1563193160),(24,31,17,1563193160),(27,32,8,1563193263),(28,32,17,1563193263),(31,33,8,1563193347),(32,33,17,1563193347);
/*!40000 ALTER TABLE `requests_has_database` ENABLE KEYS */;
UNLOCK TABLES;

--
-- Table structure for table `show_user_contacts_counter`
--

DROP TABLE IF EXISTS `show_user_contacts_counter`;
/*!40101 SET @saved_cs_client     = @@character_set_client */;
/*!40101 SET character_set_client = utf8 */;
CREATE TABLE `show_user_contacts_counter` (
  `id` int(11) NOT NULL AUTO_INCREMENT,
  `customer_id` int(11) NOT NULL,
  `user_id` int(11) NOT NULL,
  `created_at` int(11) NOT NULL,
  PRIMARY KEY (`id`),
  KEY `idx-show-customer_id` (`customer_id`),
  KEY `idx-show-user_id` (`user_id`)
) ENGINE=InnoDB AUTO_INCREMENT=12 DEFAULT CHARSET=utf8 COLLATE=utf8_unicode_ci;
/*!40101 SET character_set_client = @saved_cs_client */;

--
-- Dumping data for table `show_user_contacts_counter`
--

LOCK TABLES `show_user_contacts_counter` WRITE;
/*!40000 ALTER TABLE `show_user_contacts_counter` DISABLE KEYS */;
INSERT INTO `show_user_contacts_counter` VALUES (1,2,3,1560864931),(2,1,8,1562229134),(3,1,7,1562229135),(4,1,6,1562229137),(5,1,5,1562229139),(6,1,4,1562229142),(7,1,3,1562229153),(8,1,2,1562229155),(9,1,1,1562229157),(10,1,18,1562824927),(11,1,7,1562824932);
/*!40000 ALTER TABLE `show_user_contacts_counter` ENABLE KEYS */;
UNLOCK TABLES;

--
-- Table structure for table `smeta_docs`
--

DROP TABLE IF EXISTS `smeta_docs`;
/*!40101 SET @saved_cs_client     = @@character_set_client */;
/*!40101 SET character_set_client = utf8 */;
CREATE TABLE `smeta_docs` (
  `id` int(11) NOT NULL AUTO_INCREMENT,
  `title` varchar(255) NOT NULL,
  PRIMARY KEY (`id`)
) ENGINE=MyISAM AUTO_INCREMENT=9 DEFAULT CHARSET=utf8;
/*!40101 SET character_set_client = @saved_cs_client */;

--
-- Dumping data for table `smeta_docs`
--

LOCK TABLES `smeta_docs` WRITE;
/*!40000 ALTER TABLE `smeta_docs` DISABLE KEYS */;
INSERT INTO `smeta_docs` VALUES (1,'Локальная смета'),(2,'Сводный сметный расчет/Объектная смета'),(3,'Акт КС-2'),(4,'Форма КС-3'),(5,'Форма КС-6а'),(6,'Проверка смет/актов'),(7,'Экспертиза смет'),(8,'Тендерная документация');
/*!40000 ALTER TABLE `smeta_docs` ENABLE KEYS */;
UNLOCK TABLES;

--
-- Table structure for table `statuses`
--

DROP TABLE IF EXISTS `statuses`;
/*!40101 SET @saved_cs_client     = @@character_set_client */;
/*!40101 SET character_set_client = utf8 */;
CREATE TABLE `statuses` (
  `id` int(11) NOT NULL AUTO_INCREMENT,
  `title` varchar(45) NOT NULL,
  PRIMARY KEY (`id`)
) ENGINE=MyISAM AUTO_INCREMENT=4 DEFAULT CHARSET=utf8;
/*!40101 SET character_set_client = @saved_cs_client */;

--
-- Dumping data for table `statuses`
--

LOCK TABLES `statuses` WRITE;
/*!40000 ALTER TABLE `statuses` DISABLE KEYS */;
INSERT INTO `statuses` VALUES (1,'требует проверки'),(2,'подтверждена'),(3,'отклонена');
/*!40000 ALTER TABLE `statuses` ENABLE KEYS */;
UNLOCK TABLES;

--
-- Table structure for table `user_has_normative_bases`
--

DROP TABLE IF EXISTS `user_has_normative_bases`;
/*!40101 SET @saved_cs_client     = @@character_set_client */;
/*!40101 SET character_set_client = utf8 */;
CREATE TABLE `user_has_normative_bases` (
  `id` int(11) NOT NULL AUTO_INCREMENT,
  `user_id` int(11) DEFAULT NULL,
  `normative_bases_id` int(11) DEFAULT NULL,
  PRIMARY KEY (`id`),
  KEY `user_id_index` (`user_id`)
) ENGINE=MyISAM AUTO_INCREMENT=25 DEFAULT CHARSET=utf8;
/*!40101 SET character_set_client = @saved_cs_client */;

--
-- Dumping data for table `user_has_normative_bases`
--

LOCK TABLES `user_has_normative_bases` WRITE;
/*!40000 ALTER TABLE `user_has_normative_bases` DISABLE KEYS */;
INSERT INTO `user_has_normative_bases` VALUES (1,1,10),(2,2,1),(3,3,8),(4,3,10),(5,4,9),(6,5,5),(7,6,4),(8,6,5),(9,7,10),(10,7,9),(11,7,4),(12,8,1),(13,8,4),(14,9,1),(15,10,4),(16,11,1),(17,12,1),(21,13,10),(19,14,7),(20,15,1),(22,16,1),(23,17,4),(24,18,9);
/*!40000 ALTER TABLE `user_has_normative_bases` ENABLE KEYS */;
UNLOCK TABLES;

--
-- Table structure for table `user_has_professions`
--

DROP TABLE IF EXISTS `user_has_professions`;
/*!40101 SET @saved_cs_client     = @@character_set_client */;
/*!40101 SET character_set_client = utf8 */;
CREATE TABLE `user_has_professions` (
  `id` int(11) NOT NULL AUTO_INCREMENT,
  `user_id` int(11) DEFAULT NULL,
  `profession_id` int(11) DEFAULT NULL,
  PRIMARY KEY (`id`),
  KEY `user_id_index` (`user_id`)
) ENGINE=MyISAM AUTO_INCREMENT=23 DEFAULT CHARSET=utf8;
/*!40101 SET character_set_client = @saved_cs_client */;

--
-- Dumping data for table `user_has_professions`
--

LOCK TABLES `user_has_professions` WRITE;
/*!40000 ALTER TABLE `user_has_professions` DISABLE KEYS */;
INSERT INTO `user_has_professions` VALUES (1,1,4),(2,2,1),(3,3,3),(4,4,5),(5,5,5),(6,6,6),(7,7,2),(8,7,5),(9,8,3),(10,9,3),(11,10,4),(12,11,3),(13,12,3),(18,13,2),(15,14,10),(16,14,17),(17,15,3),(19,13,5),(20,16,2),(21,17,12),(22,18,4);
/*!40000 ALTER TABLE `user_has_professions` ENABLE KEYS */;
UNLOCK TABLES;

--
-- Table structure for table `user_has_smeta_docs`
--

DROP TABLE IF EXISTS `user_has_smeta_docs`;
/*!40101 SET @saved_cs_client     = @@character_set_client */;
/*!40101 SET character_set_client = utf8 */;
CREATE TABLE `user_has_smeta_docs` (
  `id` int(11) NOT NULL AUTO_INCREMENT,
  `user_id` int(11) DEFAULT NULL,
  `smeta_docs_id` int(11) DEFAULT NULL,
  PRIMARY KEY (`id`),
  KEY `user_id_index` (`user_id`)
) ENGINE=MyISAM AUTO_INCREMENT=26 DEFAULT CHARSET=utf8;
/*!40101 SET character_set_client = @saved_cs_client */;

--
-- Dumping data for table `user_has_smeta_docs`
--

LOCK TABLES `user_has_smeta_docs` WRITE;
/*!40000 ALTER TABLE `user_has_smeta_docs` DISABLE KEYS */;
INSERT INTO `user_has_smeta_docs` VALUES (1,1,6),(2,2,1),(3,3,1),(4,4,2),(5,5,8),(6,6,1),(7,6,4),(8,7,1),(9,7,2),(10,7,4),(11,8,1),(12,8,8),(13,9,8),(14,10,3),(15,11,1),(16,12,6),(21,13,6),(18,14,2),(19,14,5),(20,15,6),(22,13,8),(23,16,1),(24,17,1),(25,18,2);
/*!40000 ALTER TABLE `user_has_smeta_docs` ENABLE KEYS */;
UNLOCK TABLES;

--
-- Table structure for table `users`
--

DROP TABLE IF EXISTS `users`;
/*!40101 SET @saved_cs_client     = @@character_set_client */;
/*!40101 SET character_set_client = utf8 */;
CREATE TABLE `users` (
  `id` int(11) NOT NULL AUTO_INCREMENT,
  `fio` varchar(100) DEFAULT NULL,
  `email` varchar(129) DEFAULT NULL,
  `experience` longtext,
  `has_city` int(11) NOT NULL DEFAULT '0',
  `city_id` int(11) DEFAULT NULL,
  `has_price` int(11) NOT NULL DEFAULT '0',
  `price` int(11) DEFAULT NULL,
  `ipap_attestat_id` varchar(15) DEFAULT NULL,
  `status_id` int(11) DEFAULT '1',
  `is_visible` tinyint(4) NOT NULL DEFAULT '1',
  `reject_msg` longtext,
  `date_created` int(11) NOT NULL,
  `date_changed` int(11) DEFAULT NULL,
  `last_change_by_user` tinyint(4) DEFAULT NULL,
  `real_id` int(11) DEFAULT '0',
  PRIMARY KEY (`id`),
  KEY `id_index` (`id`),
  KEY `idx-users-real_id` (`real_id`)
) ENGINE=MyISAM AUTO_INCREMENT=19 DEFAULT CHARSET=utf8;
/*!40101 SET character_set_client = @saved_cs_client */;

--
-- Dumping data for table `users`
--

LOCK TABLES `users` WRITE;
/*!40000 ALTER TABLE `users` DISABLE KEYS */;
INSERT INTO `users` VALUES (1,'СМЕТ_1','smet1@mail.ru','ыыыыыывввввввввввввввввввввввввввввввввввввввыыыыыывввввыыыыыывввввввввввввввввввввввввввввввввввввввыыыыыывввввввввввввввввввввввввввввввввввввввыыыыыывввввввввввввввввввввввввввввввввввввввввввввввввввввввввввввввввввввввввыыыыыывввввввввввввввввввввввввввввввввввввввыыыыыыввввввввввввввввввввввввввввввввввввввв',1,4,1,100,'21545875',2,1,NULL,1559739129,1559739129,1,7),(2,'СМЕТ_2','smet2@mail.ru','увавй',1,6,1,250,'',2,1,NULL,1559739171,1559739171,1,8),(3,'СМЕТ_3','smet3@mail.ru','вафвай',1,4,1,500,'',2,1,NULL,1559739212,1559739212,1,9),(4,'СМЕТ_4','smet4@mail.ru','32кцйува',1,8,1,650,'',2,1,NULL,1559739254,1559739254,1,10),(5,'СМЕТ_5','smet5@mail.ru','а32аца',1,3,1,750,'585632710',2,1,NULL,1559739296,1559739296,1,11),(6,'СМЕТ_6','smet6@mail.ru','акцйа5ай',1,2,1,650,'',2,1,NULL,1559739347,1559739347,1,12),(7,'СМЕТ_7','smet7@mail.ru','в23вв1й2ввйв',1,4,1,250,'',2,1,NULL,1559739400,1559739400,1,13),(8,'СМЕТ_8','smet8@mail.ru','в23в23йв32',1,4,1,350,'',2,1,NULL,1559739443,1559739443,1,14),(9,'Смет_9','smet9@mail.ru','Ампывацыкев2йвсвфк32йвААмпывацыкев2йвсвфк32йвАмпывацыкев2йвсвфк32йвАмпывацыкев2йвсвфк32йвАмпывацыкев2йвсвфк32йвАмпывацыкев2йвсвфк32йвАмпывацыкев2йвсвфк32йвАмпывацыкев2йвсвфк32йвАмпывацыкев2йвсвфк32йвАмпывацыкев2йвсвфк32йвмпывацыкев2йвсвфк32йвАмпывацыкев2йвсвфк32йвАмпывацыкев2йвсвфк32йв',1,3,1,200,'',1,1,NULL,1559746825,1559746825,1,15),(10,'Princess Kiehn V','via@ipap.ru','vdxzvfd',1,2,1,500,'',1,1,NULL,1559901403,1559901403,1,16),(11,'Смет_10','smet10@mail.ru','23',1,3,0,NULL,'',1,1,NULL,1559901523,1559901523,1,17),(12,'Смет_11','smet11@mail.ru','21231',1,5,1,100,'',2,1,NULL,1559902865,1559902865,1,18),(13,'Смет_12','smet12@mail.ru','d21yd',1,24,1,354,'',2,0,NULL,1560533290,1562064175,1,24),(14,'СМЕТ_13','smet13@mail.ru','s58',1,12,1,200,'25475682',3,1,'потому что',1560756802,1560756802,1,25),(15,'3вфыв','3dfsa@sd.sd','ds2',1,4,1,582,'',1,1,NULL,1562063433,1562063433,1,35),(16,'dsfsdfsd sdfs fsdfdsfsd','32543643@gh.ry','ghjghjhgjgh',1,1,1,54555,'',1,1,NULL,1562326110,1562326110,1,40),(17,'Смет_14','smet14@mail.ru','fd3',1,4,1,2658,'',2,1,NULL,1562769695,1562769695,1,45),(18,'Смет_15','smet15@mail.ru','d2',1,2,1,65987,'',2,1,NULL,1562769776,1562769776,1,46);
/*!40000 ALTER TABLE `users` ENABLE KEYS */;
UNLOCK TABLES;

--
-- Table structure for table `users_phones`
--

DROP TABLE IF EXISTS `users_phones`;
/*!40101 SET @saved_cs_client     = @@character_set_client */;
/*!40101 SET character_set_client = utf8 */;
CREATE TABLE `users_phones` (
  `id` int(11) NOT NULL AUTO_INCREMENT,
  `user_id` int(11) NOT NULL,
  `phone_id` int(11) NOT NULL,
  `index` tinyint(2) NOT NULL,
  `is_new` tinyint(1) NOT NULL DEFAULT '1',
  PRIMARY KEY (`id`)
) ENGINE=MyISAM AUTO_INCREMENT=21 DEFAULT CHARSET=utf8;
/*!40101 SET character_set_client = @saved_cs_client */;

--
-- Dumping data for table `users_phones`
--

LOCK TABLES `users_phones` WRITE;
/*!40000 ALTER TABLE `users_phones` DISABLE KEYS */;
INSERT INTO `users_phones` VALUES (1,1,1,1,1),(2,2,2,1,1),(3,3,3,1,1),(4,4,4,1,1),(5,5,5,1,1),(6,6,6,1,1),(7,7,7,1,1),(8,8,8,1,1),(9,9,9,1,1),(10,10,10,1,1),(11,11,11,1,1),(12,12,11,1,1),(17,13,12,1,1),(14,14,13,1,1),(15,15,11,1,1),(18,16,11,1,1),(19,17,19,1,1),(20,18,20,1,1);
/*!40000 ALTER TABLE `users_phones` ENABLE KEYS */;
UNLOCK TABLES;
/*!40103 SET TIME_ZONE=@OLD_TIME_ZONE */;

/*!40101 SET SQL_MODE=@OLD_SQL_MODE */;
/*!40014 SET FOREIGN_KEY_CHECKS=@OLD_FOREIGN_KEY_CHECKS */;
/*!40014 SET UNIQUE_CHECKS=@OLD_UNIQUE_CHECKS */;
/*!40101 SET CHARACTER_SET_CLIENT=@OLD_CHARACTER_SET_CLIENT */;
/*!40101 SET CHARACTER_SET_RESULTS=@OLD_CHARACTER_SET_RESULTS */;
/*!40101 SET COLLATION_CONNECTION=@OLD_COLLATION_CONNECTION */;
/*!40111 SET SQL_NOTES=@OLD_SQL_NOTES */;

-- Dump completed on 2019-07-16 12:02:16
